timestamp_ms,tag_id,pose_x,pose_y,pose_z,rel_x,rel_y,rel_z,imu_time,accel_x,accel_y,accel_z,gyro_x,gyro_y,gyro_z
1751480437779,0,-0.08489553024044727,0.04358451937797466,1.0752594327483092,null,null,null,273638,-7.6154,-141.5983,-990.2537,245.0,-507.5,17.5
1751480437779,1,-0.08364849625434848,-0.048728785635957166,1.075156811140083,null,null,null,273638,-7.6154,-141.5983,-990.2537,245.0,-507.5,17.5
1751480437779,REL,null,null,null,-0.0012470339860987945,0.09231330501393183,0.00010262160822605004,273638,-7.6154,-141.5983,-990.2537,245.0,-507.5,17.5
1751480437934,0,-0.08489737876464573,0.04359234623463038,1.075119807350463,null,null,null,273638,-7.6154,-141.5983,-990.2537,245.0,-507.5,17.5
1751480437934,1,-0.08352075624248667,-0.04867158855461313,1.0734906907071151,null,null,null,273638,-7.6154,-141.5983,-990.2537,245.0,-507.5,17.5
1751480437934,REL,null,null,null,-0.00137662252215906,0.09226393478924351,0.001629116643347972,273638,-7.6154,-141.5983,-990.2537,245.0,-507.5,17.5
1751480438033,0,-0.08485909399100326,0.04357142028777496,1.0750944082660117,null,null,null,273638,-7.6154,-141.5983,-990.2537,245.0,-507.5,17.5
1751480438033,1,-0.083521244587956,-0.048658246560405155,1.0734082911423188,null,null,null,273638,-7.6154,-141.5983,-990.2537,245.0,-507.5,17.5
1751480438033,REL,null,null,null,-0.0013378494030472643,0.09222966684818013,0.0016861171236928207,273638,-7.6154,-141.5983,-990.2537,245.0,-507.5,17.5
1751480438130,0,-0.08492114929083745,0.0436242027129702,1.075841445475966,null,null,null,273638,-7.6154,-141.5983,-990.2537,245.0,-507.5,17.5
1751480438130,1,-0.08351183786028965,-0.048655370901839815,1.0735074074572388,null,null,null,273638,-7.6154,-141.5983,-990.2537,245.0,-507.5,17.5
1751480438130,REL,null,null,null,-0.0014093114305478022,0.09227957361481001,0.0023340380187271137,273638,-7.6154,-141.5983,-990.2537,245.0,-507.5,17.5
1751480438230,0,-0.08489175952969683,0.04357971731553695,1.0747447742095209,null,null,null,273638,-7.6154,-141.5983,-990.2537,245.0,-507.5,17.5
1751480438230,1,-0.08351513218761918,-0.04867537104219231,1.0738843341355453,null,null,null,273638,-7.6154,-141.5983,-990.2537,245.0,-507.5,17.5
1751480438230,REL,null,null,null,-0.0013766273420776493,0.09225508835772925,0.0008604400739755658,273638,-7.6154,-141.5983,-990.2537,245.0,-507.5,17.5
1751480438330,0,-0.08485674332350204,0.043562681362182394,1.0744995925341432,null,null,null,273638,-7.6154,-141.5983,-990.2537,245.0,-507.5,17.5
1751480438330,1,-0.0836359861584414,-0.048691572432847385,1.074482218621276,null,null,null,273638,-7.6154,-141.5983,-990.2537,245.0,-507.5,17.5
1751480438330,REL,null,null,null,-0.0012207571650606486,0.09225425379502977,1.737391286726897e-05,273638,-7.6154,-141.5983,-990.2537,245.0,-507.5,17.5
1751480438433,0,-0.08494419629759685,0.04363638635119633,1.0759339404362385,null,null,null,273638,-7.6154,-141.5983,-990.2537,245.0,-507.5,17.5
1751480438433,1,-0.08360947454607377,-0.048697475967174164,1.0746276775548969,null,null,null,273638,-7.6154,-141.5983,-990.2537,245.0,-507.5,17.5
1751480438433,REL,null,null,null,-0.001334721751523077,0.09233386231837049,0.0013062628813416133,273638,-7.6154,-141.5983,-990.2537,245.0,-507.5,17.5
1751480438536,0,-0.08489236923484708,0.04359401733595167,1.0749840129295474,null,null,null,273638,-7.6154,-141.5983,-990.2537,245.0,-507.5,17.5
1751480438536,1,-0.08362469914561875,-0.04870698897232747,1.0748200849342406,null,null,null,273638,-7.6154,-141.5983,-990.2537,245.0,-507.5,17.5
1751480438536,REL,null,null,null,-0.0012676700892283316,0.09230100630827914,0.00016392799530673408,273638,-7.6154,-141.5983,-990.2537,245.0,-507.5,17.5
1751480438639,0,-0.08486245065098502,0.043553250163380554,1.0747990842021975,null,null,null,273638,-7.6154,-141.5983,-990.2537,245.0,-507.5,17.5
1751480438639,1,-0.0835316763523079,-0.04867470601525722,1.0735919154409181,null,null,null,273638,-7.6154,-141.5983,-990.2537,245.0,-507.5,17.5
1751480438639,REL,null,null,null,-0.0013307742986771176,0.09222795617863777,0.0012071687612793536,273638,-7.6154,-141.5983,-990.2537,245.0,-507.5,17.5
1751480438739,0,-0.08492568507749602,0.043596578474612575,1.075711033283169,null,null,null,273638,-7.6154,-141.5983,-990.2537,245.0,-507.5,17.5
1751480438739,1,-0.08355438085548222,-0.0486837607989222,1.0739616481415335,null,null,null,273638,-7.6154,-141.5983,-990.2537,245.0,-507.5,17.5
1751480438739,REL,null,null,null,-0.0013713042220138,0.09228033927353477,0.0017493851416354733,273638,-7.6154,-141.5983,-990.2537,245.0,-507.5,17.5
1751480438840,0,-0.0849286917335137,0.04361865627889423,1.0755283460760192,null,null,null,273638,-7.6154,-141.5983,-990.2537,245.0,-507.5,17.5
1751480438840,1,-0.08351347364519472,-0.048655819796296726,1.0735559985430174,null,null,null,273638,-7.6154,-141.5983,-990.2537,245.0,-507.5,17.5
1751480438840,REL,null,null,null,-0.001415218088318973,0.09227447607519096,0.0019723475330017948,273638,-7.6154,-141.5983,-990.2537,245.0,-507.5,17.5
1751480438936,0,-0.08491297011895994,0.043581306500990076,1.0753622221913726,null,null,null,273638,-7.6154,-141.5983,-990.2537,245.0,-507.5,17.5
1751480438936,1,-0.08357543356668305,-0.04868014546056019,1.0740860270636323,null,null,null,273638,-7.6154,-141.5983,-990.2537,245.0,-507.5,17.5
1751480438936,REL,null,null,null,-0.0013375365522768912,0.09226145196155026,0.0012761951277402428,273638,-7.6154,-141.5983,-990.2537,245.0,-507.5,17.5
1751480439034,0,-0.08483216992319659,0.04356115730893117,1.0744608004007714,null,null,null,273638,-7.6154,-141.5983,-990.2537,245.0,-507.5,17.5
1751480439034,1,-0.08365216875989276,-0.04872206955565288,1.075226939331813,null,null,null,273638,-7.6154,-141.5983,-990.2537,245.0,-507.5,17.5
1751480439035,REL,null,null,null,-0.0011800011633038288,0.09228322686458404,-0.0007661389310416045,273638,-7.6154,-141.5983,-990.2537,245.0,-507.5,17.5
1751480439137,0,-0.08495884084282466,0.04361500125081196,1.0761025316112247,null,null,null,273638,-7.6154,-141.5983,-990.2537,245.0,-507.5,17.5
1751480439137,1,-0.08351808508488599,-0.04868521926384308,1.0739146859572948,null,null,null,273638,-7.6154,-141.5983,-990.2537,245.0,-507.5,17.5
1751480439137,REL,null,null,null,-0.001440755757938672,0.09230022051465504,0.002187845653929932,273638,-7.6154,-141.5983,-990.2537,245.0,-507.5,17.5
1751480439235,0,-0.08484828221544287,0.04355957918451877,1.0744271712439113,null,null,null,273638,-7.6154,-141.5983,-990.2537,245.0,-507.5,17.5
1751480439235,1,-0.08357218390925104,-0.048684665284678214,1.074477655979362,null,null,null,273638,-7.6154,-141.5983,-990.2537,245.0,-507.5,17.5
1751480439235,REL,null,null,null,-0.0012760983061918252,0.09224424446919699,-5.0484735450773144e-05,273638,-7.6154,-141.5983,-990.2537,245.0,-507.5,17.5
1751480439328,0,-0.08490183726023263,0.04359209285164736,1.075510961495945,null,null,null,273638,-7.6154,-141.5983,-990.2537,245.0,-507.5,17.5
1751480439328,1,-0.08350589226943997,-0.04868481024182043,1.0737893798274802,null,null,null,273638,-7.6154,-141.5983,-990.2537,245.0,-507.5,17.5
1751480439328,REL,null,null,null,-0.0013959449907926663,0.09227690309346778,0.001721581668464811,273638,-7.6154,-141.5983,-990.2537,245.0,-507.5,17.5
1751480439426,0,-0.0849308857271441,0.04361101694539286,1.0754750025267168,null,null,null,273638,-7.6154,-141.5983,-990.2537,245.0,-507.5,17.5
1751480439426,1,-0.08364807635885303,-0.0487218587599266,1.0752228950545837,null,null,null,273638,-7.6154,-141.5983,-990.2537,245.0,-507.5,17.5
1751480439426,REL,null,null,null,-0.001282809368291074,0.09233287570531945,0.0002521074721331118,273638,-7.6154,-141.5983,-990.2537,245.0,-507.5,17.5
1751480439524,0,-0.08495730071562917,0.04360286877766615,1.0758489076499949,null,null,null,273638,-7.6154,-141.5983,-990.2537,245.0,-507.5,17.5
1751480439524,1,-0.08362018703087869,-0.04869000891663902,1.0743673233657922,null,null,null,273638,-7.6154,-141.5983,-990.2537,245.0,-507.5,17.5
1751480439525,REL,null,null,null,-0.0013371136847504794,0.09229287769430516,0.0014815842842026417,273638,-7.6154,-141.5983,-990.2537,245.0,-507.5,17.5
1751480439619,0,-0.08491190060219427,0.043602677747356614,1.075240214173261,null,null,null,273638,-7.6154,-141.5983,-990.2537,245.0,-507.5,17.5
1751480439619,1,-0.08358894604883439,-0.04869305065775082,1.0744322767076764,null,null,null,273638,-7.6154,-141.5983,-990.2537,245.0,-507.5,17.5
1751480439619,REL,null,null,null,-0.001322954553359873,0.09229572840510744,0.0008079374655847182,273638,-7.6154,-141.5983,-990.2537,245.0,-507.5,17.5
1751480439718,0,-0.08489508148751496,0.043592268102138974,1.0747236375455795,null,null,null,273638,-7.6154,-141.5983,-990.2537,245.0,-507.5,17.5
1751480439718,1,-0.08370385512847794,-0.04873545400169332,1.0757758962374349,null,null,null,273638,-7.6154,-141.5983,-990.2537,245.0,-507.5,17.5
1751480439718,REL,null,null,null,-0.001191226359037012,0.09232772210383229,-0.0010522586918553234,273638,-7.6154,-141.5983,-990.2537,245.0,-507.5,17.5
1751480439815,0,-0.0849861096405581,0.043639984040348766,1.0764034957626323,null,null,null,273638,-7.6154,-141.5983,-990.2537,245.0,-507.5,17.5
1751480439815,1,-0.08354198146295576,-0.048634685266163644,1.0733534811914398,null,null,null,273638,-7.6154,-141.5983,-990.2537,245.0,-507.5,17.5
1751480439815,REL,null,null,null,-0.0014441281776023385,0.0922746693065124,0.003050014571192472,273638,-7.6154,-141.5983,-990.2537,245.0,-507.5,17.5
1751480439909,0,-0.08491430900707266,0.04361456904553811,1.0758041967639584,null,null,null,273638,-7.6154,-141.5983,-990.2537,245.0,-507.5,17.5
1751480439909,1,-0.08360743986688832,-0.04869140339883285,1.0745969130734632,null,null,null,273638,-7.6154,-141.5983,-990.2537,245.0,-507.5,17.5
1751480439909,REL,null,null,null,-0.0013068691401843385,0.09230597244437096,0.0012072836904952755,273638,-7.6154,-141.5983,-990.2537,245.0,-507.5,17.5
1751480439999,0,-0.08491681489335273,0.04359447548734697,1.0755246877920233,null,null,null,273638,-7.6154,-141.5983,-990.2537,245.0,-507.5,17.5
1751480439999,1,-0.08359652260949976,-0.04868730107915428,1.074484886876089,null,null,null,273638,-7.6154,-141.5983,-990.2537,245.0,-507.5,17.5
1751480439999,REL,null,null,null,-0.0013202922838529696,0.09228177656650124,0.0010398009159342525,273638,-7.6154,-141.5983,-990.2537,245.0,-507.5,17.5
1751480440092,0,-0.08486393280910384,0.043560314268659715,1.0746552180379714,null,null,null,273638,-7.6154,-141.5983,-990.2537,245.0,-507.5,17.5
1751480440092,1,-0.08355915706550696,-0.0486598528449882,1.0737784783731328,null,null,null,273638,-7.6154,-141.5983,-990.2537,245.0,-507.5,17.5
1751480440092,REL,null,null,null,-0.0013047757435968865,0.09222016711364792,0.0008767396648385883,273638,-7.6154,-141.5983,-990.2537,245.0,-507.5,17.5
1751480440188,0,-0.08483328593963692,0.043555775653041355,1.0744236332796653,null,null,null,273638,-7.6154,-141.5983,-990.2537,245.0,-507.5,17.5
1751480440188,1,-0.08361082628237482,-0.04870528082728408,1.0746997568817869,null,null,null,273638,-7.6154,-141.5983,-990.2537,245.0,-507.5,17.5
1751480440188,REL,null,null,null,-0.001222459657262101,0.09226105648032543,-0.0002761236021215918,273638,-7.6154,-141.5983,-990.2537,245.0,-507.5,17.5
1751480440284,0,-0.08488401770999221,0.043584922829301764,1.0751051653932473,null,null,null,273638,-7.6154,-141.5983,-990.2537,245.0,-507.5,17.5
1751480440284,1,-0.0835950020459783,-0.04869485247980195,1.0744878992593159,null,null,null,273638,-7.6154,-141.5983,-990.2537,245.0,-507.5,17.5
1751480440284,REL,null,null,null,-0.0012890156640139039,0.09227977530910372,0.0006172661339314267,273638,-7.6154,-141.5983,-990.2537,245.0,-507.5,17.5
1751480440379,0,-0.08481806971382523,0.043549214995116915,1.0740002467067553,null,null,null,273638,-7.6154,-141.5983,-990.2537,245.0,-507.5,17.5
1751480440379,1,-0.0835625885306776,-0.04867950096325215,1.0737048979719412,null,null,null,273638,-7.6154,-141.5983,-990.2537,245.0,-507.5,17.5
1751480440379,REL,null,null,null,-0.0012554811831476248,0.09222871595836907,0.00029534873481407153,273638,-7.6154,-141.5983,-990.2537,245.0,-507.5,17.5
1751480440474,0,-0.08489778908364577,0.04359635823751176,1.0755636342199824,null,null,null,273638,-7.6154,-141.5983,-990.2537,245.0,-507.5,17.5
1751480440474,1,-0.08346983443282367,-0.048655653298981624,1.0734384161631774,null,null,null,273638,-7.6154,-141.5983,-990.2537,245.0,-507.5,17.5
1751480440474,REL,null,null,null,-0.0014279546508220997,0.09225201153649339,0.0021252180568049894,273638,-7.6154,-141.5983,-990.2537,245.0,-507.5,17.5
1751480440568,0,-0.08490792088806405,0.043609810421818954,1.0752136804443204,null,null,null,273638,-7.6154,-141.5983,-990.2537,245.0,-507.5,17.5
1751480440568,1,-0.08356522164209326,-0.048660113175303485,1.0738846118532823,null,null,null,273638,-7.6154,-141.5983,-990.2537,245.0,-507.5,17.5
1751480440568,REL,null,null,null,-0.0013426992459707882,0.09226992359712244,0.0013290685910380962,273638,-7.6154,-141.5983,-990.2537,245.0,-507.5,17.5
1751480440662,0,-0.08487016207448364,0.04357607207862304,1.0746608225064078,null,null,null,273638,-7.6154,-141.5983,-990.2537,245.0,-507.5,17.5
1751480440662,1,-0.08363222230268862,-0.048705282453594075,1.074636623355005,null,null,null,273638,-7.6154,-141.5983,-990.2537,245.0,-507.5,17.5
1751480440662,REL,null,null,null,-0.0012379397717950241,0.09228135453221711,2.4199151402726216e-05,273638,-7.6154,-141.5983,-990.2537,245.0,-507.5,17.5
1751480440762,0,-0.08480543151105611,0.043578363511027444,1.0742030805518958,null,null,null,273638,-7.6154,-141.5983,-990.2537,245.0,-507.5,17.5
1751480440762,1,-0.0835465978359706,-0.04867015936744047,1.073849029759049,null,null,null,273638,-7.6154,-141.5983,-990.2537,245.0,-507.5,17.5
1751480440762,REL,null,null,null,-0.0012588336750855161,0.09224852287846791,0.00035405079284678287,273638,-7.6154,-141.5983,-990.2537,245.0,-507.5,17.5
1751480440859,0,-0.08503378211869622,0.043655339047349896,1.077128822747484,null,null,null,273638,-7.6154,-141.5983,-990.2537,245.0,-507.5,17.5
1751480440859,1,-0.08353217880349778,-0.04864922516376925,1.0734992797139058,null,null,null,273638,-7.6154,-141.5983,-990.2537,245.0,-507.5,17.5
1751480440859,REL,null,null,null,-0.001501603315198441,0.09230456421111916,0.0036295430335782086,273638,-7.6154,-141.5983,-990.2537,245.0,-507.5,17.5
1751480440954,0,-0.08492530573353396,0.04360969860446807,1.075765953985125,null,null,null,273638,-7.6154,-141.5983,-990.2537,245.0,-507.5,17.5
1751480440954,1,-0.08354239525659601,-0.04865938879705098,1.073719434687213,null,null,null,273638,-7.6154,-141.5983,-990.2537,245.0,-507.5,17.5
1751480440954,REL,null,null,null,-0.0013829104769379486,0.09226908740151904,0.0020465192979119973,273638,-7.6154,-141.5983,-990.2537,245.0,-507.5,17.5
1751480441053,0,-0.08492114196516781,0.04360819392032159,1.0757160933870005,null,null,null,273638,-7.6154,-141.5983,-990.2537,245.0,-507.5,17.5
1751480441053,1,-0.08351013049448948,-0.04864871710409281,1.073509932535904,null,null,null,273638,-7.6154,-141.5983,-990.2537,245.0,-507.5,17.5
1751480441053,REL,null,null,null,-0.0014110114706783333,0.09225691102441441,0.0022061608510963726,273638,-7.6154,-141.5983,-990.2537,245.0,-507.5,17.5
1751480441150,0,-0.08493562230801499,0.04364444852440927,1.0760909504355964,null,null,null,273638,-7.6154,-141.5983,-990.2537,245.0,-507.5,17.5
1751480441150,1,-0.08360264636915761,-0.04872229688050748,1.0750082793452649,null,null,null,273638,-7.6154,-141.5983,-990.2537,245.0,-507.5,17.5
1751480441150,REL,null,null,null,-0.0013329759388573809,0.09236674540491674,0.001082671090331555,273638,-7.6154,-141.5983,-990.2537,245.0,-507.5,17.5
1751480441248,0,-0.08493984127406833,0.043613500936900425,1.075795528258434,null,null,null,273638,-7.6154,-141.5983,-990.2537,245.0,-507.5,17.5
1751480441248,1,-0.0836231662605478,-0.0486898644463302,1.07472172822973,null,null,null,273638,-7.6154,-141.5983,-990.2537,245.0,-507.5,17.5
1751480441248,REL,null,null,null,-0.0013166750135205213,0.09230336538323063,0.0010738000287040528,273638,-7.6154,-141.5983,-990.2537,245.0,-507.5,17.5
1751480441339,0,-0.08489865132381473,0.043614705869677764,1.0756351874240255,null,null,null,273638,-7.6154,-141.5983,-990.2537,245.0,-507.5,17.5
1751480441339,1,-0.08360881531106709,-0.04872576481912283,1.0751486678652074,null,null,null,273638,-7.6154,-141.5983,-990.2537,245.0,-507.5,17.5
1751480441339,REL,null,null,null,-0.0012898360127476388,0.0923404706888006,0.000486519558818177,273638,-7.6154,-141.5983,-990.2537,245.0,-507.5,17.5
1751480441431,0,-0.08496710626456386,0.04366201219698369,1.0762914323067883,null,null,null,273638,-7.6154,-141.5983,-990.2537,245.0,-507.5,17.5
1751480441431,1,-0.08349737125171906,-0.04865383681134669,1.0736487136173245,null,null,null,273638,-7.6154,-141.5983,-990.2537,245.0,-507.5,17.5
1751480441431,REL,null,null,null,-0.0014697350128447945,0.09231584900833038,0.002642718689463752,273638,-7.6154,-141.5983,-990.2537,245.0,-507.5,17.5
1751480441523,0,-0.08497326603490923,0.04367386677962767,1.0763480690353797,null,null,null,273638,-7.6154,-141.5983,-990.2537,245.0,-507.5,17.5
1751480441523,1,-0.08356867107107258,-0.048615840138238726,1.0734995200870046,null,null,null,273638,-7.6154,-141.5983,-990.2537,245.0,-507.5,17.5
1751480441523,REL,null,null,null,-0.0014045949638366584,0.0922897069178664,0.0028485489483751625,273638,-7.6154,-141.5983,-990.2537,245.0,-507.5,17.5
1751480441613,0,-0.08492201135757461,0.04364286950720881,1.076074380462473,null,null,null,273638,-7.6154,-141.5983,-990.2537,245.0,-507.5,17.5
1751480441613,1,-0.08355072144428445,-0.048656167366827985,1.074114114784588,null,null,null,273638,-7.6154,-141.5983,-990.2537,245.0,-507.5,17.5
1751480441613,REL,null,null,null,-0.0013712899132901635,0.09229903687403679,0.001960265677884987,273638,-7.6154,-141.5983,-990.2537,245.0,-507.5,17.5
1751480441706,0,-0.0849691467696171,0.04364671978685364,1.076430037253291,null,null,null,273638,-7.6154,-141.5983,-990.2537,245.0,-507.5,17.5
1751480441706,1,-0.08349032994559052,-0.048618876126941046,1.073159777043546,null,null,null,273638,-7.6154,-141.5983,-990.2537,245.0,-507.5,17.5
1751480441706,REL,null,null,null,-0.001478816824026577,0.09226559591379468,0.0032702602097449684,273638,-7.6154,-141.5983,-990.2537,245.0,-507.5,17.5
1751480441803,0,-0.08492197249083895,0.04359940150045464,1.0754105159512943,null,null,null,273638,-7.6154,-141.5983,-990.2537,245.0,-507.5,17.5
1751480441803,1,-0.08350518237247091,-0.04860129628097102,1.0731177351365973,null,null,null,273638,-7.6154,-141.5983,-990.2537,245.0,-507.5,17.5
1751480441803,REL,null,null,null,-0.0014167901183680387,0.09220069778142566,0.002292780814697082,273638,-7.6154,-141.5983,-990.2537,245.0,-507.5,17.5
1751480441893,0,-0.08488636437571233,0.043620967706968744,1.0757534735988874,null,null,null,273638,-7.6154,-141.5983,-990.2537,245.0,-507.5,17.5
1751480441893,1,-0.08347696783286876,-0.048654272702697725,1.0734009357517114,null,null,null,273638,-7.6154,-141.5983,-990.2537,245.0,-507.5,17.5
1751480441893,REL,null,null,null,-0.001409396542843569,0.09227524040966648,0.0023525378471760394,273638,-7.6154,-141.5983,-990.2537,245.0,-507.5,17.5
1751480441985,0,-0.08499040574939574,0.043652976442940646,1.076486786070368,null,null,null,273638,-7.6154,-141.5983,-990.2537,245.0,-507.5,17.5
1751480441985,1,-0.08364998151346273,-0.04869613765921493,1.0752792924821073,null,null,null,273638,-7.6154,-141.5983,-990.2537,245.0,-507.5,17.5
1751480441985,REL,null,null,null,-0.001340424235933016,0.09234911410215557,0.0012074935882606663,273638,-7.6154,-141.5983,-990.2537,245.0,-507.5,17.5
1751480442077,0,-0.08488722250515963,0.043594235063392564,1.0749828176729574,null,null,null,273638,-7.6154,-141.5983,-990.2537,245.0,-507.5,17.5
1751480442077,1,-0.08368803416065812,-0.04872303962192706,1.0754232189736725,null,null,null,273638,-7.6154,-141.5983,-990.2537,245.0,-507.5,17.5
1751480442078,REL,null,null,null,-0.0011991883445015145,0.09231727468531963,-0.00044040130071509864,273638,-7.6154,-141.5983,-990.2537,245.0,-507.5,17.5
1751480442171,0,-0.08497662904612305,0.043669911770964145,1.0767502991811546,null,null,null,273638,-7.6154,-141.5983,-990.2537,245.0,-507.5,17.5
1751480442171,1,-0.08348737722465657,-0.04863348266167455,1.0734008903628798,null,null,null,273638,-7.6154,-141.5983,-990.2537,245.0,-507.5,17.5
1751480442171,REL,null,null,null,-0.0014892518214664752,0.09230339443263869,0.003349408818274835,273638,-7.6154,-141.5983,-990.2537,245.0,-507.5,17.5
1751480442260,0,-0.08493471386264531,0.04362073170703997,1.0757110880685914,null,null,null,273638,-7.6154,-141.5983,-990.2537,245.0,-507.5,17.5
1751480442260,1,-0.08363403443044365,-0.048699394215143244,1.0749765423436126,null,null,null,273638,-7.6154,-141.5983,-990.2537,245.0,-507.5,17.5
1751480442260,REL,null,null,null,-0.0013006794322016624,0.09232012592218322,0.0007345457249787746,273638,-7.6154,-141.5983,-990.2537,245.0,-507.5,17.5
1751480442354,0,-0.08493133639899718,0.04363637535238673,1.0759167300666204,null,null,null,273638,-7.6154,-141.5983,-990.2537,245.0,-507.5,17.5
1751480442354,1,-0.0836572472174699,-0.04872701943001666,1.0755870488830477,null,null,null,273638,-7.6154,-141.5983,-990.2537,245.0,-507.5,17.5
1751480442354,REL,null,null,null,-0.0012740891815272853,0.09236339478240338,0.00032968118357268317,273638,-7.6154,-141.5983,-990.2537,245.0,-507.5,17.5
1751480442446,0,-0.08490855609056445,0.043607960595427535,1.0749949402335401,null,null,null,273638,-7.6154,-141.5983,-990.2537,245.0,-507.5,17.5
1751480442446,1,-0.0836196770688199,-0.048688894695643595,1.0748411877078006,null,null,null,273638,-7.6154,-141.5983,-990.2537,245.0,-507.5,17.5
1751480442446,REL,null,null,null,-0.0012888790217445573,0.09229685529107112,0.00015375252573957,273638,-7.6154,-141.5983,-990.2537,245.0,-507.5,17.5
1751480442541,0,-0.08489963528103926,0.04360332055028643,1.075360653534973,null,null,null,273638,-7.6154,-141.5983,-990.2537,245.0,-507.5,17.5
1751480442541,1,-0.08366400779598315,-0.04874204832970769,1.0756784076592871,null,null,null,273638,-7.6154,-141.5983,-990.2537,245.0,-507.5,17.5
1751480442541,REL,null,null,null,-0.0012356274850561094,0.09234536887999412,-0.000317754124314229,273638,-7.6154,-141.5983,-990.2537,245.0,-507.5,17.5
1751480442636,0,-0.08496179756520439,0.04364316972513074,1.0762164957596283,null,null,null,273638,-7.6154,-141.5983,-990.2537,245.0,-507.5,17.5
1751480442636,1,-0.08355008389484431,-0.04865816955306449,1.0741039404773822,null,null,null,273638,-7.6154,-141.5983,-990.2537,245.0,-507.5,17.5
1751480442636,REL,null,null,null,-0.0014117136703600819,0.09230133927819523,0.002112555282246076,273638,-7.6154,-141.5983,-990.2537,245.0,-507.5,17.5
1751480442725,0,-0.08491976585892896,0.04361938714023461,1.0754177436135781,null,null,null,273638,-7.6154,-141.5983,-990.2537,245.0,-507.5,17.5
1751480442725,1,-0.08364780079029437,-0.048699457809407834,1.0752147801903904,null,null,null,273638,-7.6154,-141.5983,-990.2537,245.0,-507.5,17.5
1751480442725,REL,null,null,null,-0.001271965068634598,0.09231884494964245,0.00020296342318770755,273638,-7.6154,-141.5983,-990.2537,245.0,-507.5,17.5
1751480442815,0,-0.08499503075862454,0.04362580415004793,1.0767633877544966,null,null,null,273638,-7.6154,-141.5983,-990.2537,245.0,-507.5,17.5
1751480442815,1,-0.0835614424692264,-0.048689986768430074,1.074530349316184,null,null,null,273638,-7.6154,-141.5983,-990.2537,245.0,-507.5,17.5
1751480442815,REL,null,null,null,-0.0014335882893981439,0.092315790918478,0.0022330384383126844,273638,-7.6154,-141.5983,-990.2537,245.0,-507.5,17.5
1751480442908,0,-0.08486017234936502,0.043594193590474575,1.074895011388955,null,null,null,273638,-7.6154,-141.5983,-990.2537,245.0,-507.5,17.5
1751480442908,1,-0.08358595705932483,-0.048708550084166205,1.0747797816924949,null,null,null,273638,-7.6154,-141.5983,-990.2537,245.0,-507.5,17.5
1751480442908,REL,null,null,null,-0.0012742152900401954,0.09230274367464078,0.00011522969646016179,273638,-7.6154,-141.5983,-990.2537,245.0,-507.5,17.5
1751480442996,0,-0.08494176409033577,0.043638004718904874,1.0759348595461777,null,null,null,273638,-7.6154,-141.5983,-990.2537,245.0,-507.5,17.5
1751480442996,1,-0.08356657758286537,-0.048646713055201275,1.0741497554226946,null,null,null,273638,-7.6154,-141.5983,-990.2537,245.0,-507.5,17.5
1751480442996,REL,null,null,null,-0.0013751865074703995,0.09228471777410616,0.0017851041234830944,273638,-7.6154,-141.5983,-990.2537,245.0,-507.5,17.5
1751480443087,0,-0.08493013789537986,0.04363407507924774,1.0757108916886053,null,null,null,273638,-7.6154,-141.5983,-990.2537,245.0,-507.5,17.5
1751480443087,1,-0.08353045242573535,-0.04864556627198988,1.0738736974892957,null,null,null,273638,-7.6154,-141.5983,-990.2537,245.0,-507.5,17.5
1751480443087,REL,null,null,null,-0.0013996854696445016,0.09227964135123762,0.0018371941993096108,273638,-7.6154,-141.5983,-990.2537,245.0,-507.5,17.5
1751480443192,0,-0.08492132042599912,0.04363020086898828,1.0760054470888696,null,null,null,273638,-7.6154,-141.5983,-990.2537,245.0,-507.5,17.5
1751480443192,1,-0.08352499335502714,-0.048664038068296805,1.074053004204805,null,null,null,273638,-7.6154,-141.5983,-990.2537,245.0,-507.5,17.5
1751480443192,REL,null,null,null,-0.001396327070971981,0.09229423893728508,0.001952442884064487,273638,-7.6154,-141.5983,-990.2537,245.0,-507.5,17.5
1751480443286,0,-0.08491426391351689,0.04363314639876441,1.075687045093908,null,null,null,273638,-7.6154,-141.5983,-990.2537,245.0,-507.5,17.5
1751480443286,1,-0.08359539224227643,-0.048671017541340525,1.074552845629443,null,null,null,273638,-7.6154,-141.5983,-990.2537,245.0,-507.5,17.5
1751480443286,REL,null,null,null,-0.0013188716712404652,0.09230416394010493,0.0011341994644649134,273638,-7.6154,-141.5983,-990.2537,245.0,-507.5,17.5
1751480443378,0,-0.08497885198364176,0.04366210031547973,1.0766792682912363,null,null,null,273638,-7.6154,-141.5983,-990.2537,245.0,-507.5,17.5
1751480443378,1,-0.08360131406903225,-0.04868743473157236,1.075125454888479,null,null,null,273638,-7.6154,-141.5983,-990.2537,245.0,-507.5,17.5
1751480443378,REL,null,null,null,-0.0013775379146095112,0.0923495350470521,0.001553813402757287,273638,-7.6154,-141.5983,-990.2537,245.0,-507.5,17.5
1751480443471,0,-0.08479096141766738,0.043567248431683366,1.0741998050339903,null,null,null,273638,-7.6154,-141.5983,-990.2537,245.0,-507.5,17.5
1751480443471,1,-0.08347845220504273,-0.04865854076123612,1.0735888126897568,null,null,null,273638,-7.6154,-141.5983,-990.2537,245.0,-507.5,17.5
1751480443471,REL,null,null,null,-0.0013125092126246574,0.09222578919291949,0.0006109923442334519,273638,-7.6154,-141.5983,-990.2537,245.0,-507.5,17.5
1751480443563,0,-0.08486151999511994,0.043577833189205,1.0751264685184914,null,null,null,273638,-7.6154,-141.5983,-990.2537,245.0,-507.5,17.5
1751480443563,1,-0.08352400088630431,-0.048682907471983505,1.0740818243343566,null,null,null,273638,-7.6154,-141.5983,-990.2537,245.0,-507.5,17.5
1751480443563,REL,null,null,null,-0.0013375191088156324,0.0922607406611885,0.0010446441841347465,273638,-7.6154,-141.5983,-990.2537,245.0,-507.5,17.5
1751480443658,0,-0.08485593627997694,0.043591067651737314,1.0753409648336243,null,null,null,273638,-7.6154,-141.5983,-990.2537,245.0,-507.5,17.5
1751480443658,1,-0.0836344542177012,-0.048751452195921516,1.0757247777016532,null,null,null,273638,-7.6154,-141.5983,-990.2537,245.0,-507.5,17.5
1751480443658,REL,null,null,null,-0.001221482062275736,0.09234251984765883,-0.0003838128680289099,273638,-7.6154,-141.5983,-990.2537,245.0,-507.5,17.5
1751480443751,0,-0.08479305496194879,0.04358729768384947,1.0747339219174166,null,null,null,273638,-7.6154,-141.5983,-990.2537,245.0,-507.5,17.5
1751480443751,1,-0.08353829626133076,-0.04868923751312693,1.0746458124329823,null,null,null,273638,-7.6154,-141.5983,-990.2537,245.0,-507.5,17.5
1751480443751,REL,null,null,null,-0.0012547587006180305,0.0922765351969764,8.810948443427336e-05,273638,-7.6154,-141.5983,-990.2537,245.0,-507.5,17.5
1751480443844,0,-0.08490547674539889,0.04361402331464223,1.0759260910558,null,null,null,279835,-12.7346,-140.2318,-990.4929,332.5,-175.0,-52.5
1751480443844,1,-0.08349227450848244,-0.0486844784409109,1.0737996581735938,null,null,null,279835,-12.7346,-140.2318,-990.4929,332.5,-175.0,-52.5
1751480443844,REL,null,null,null,-0.001413202236916447,0.09229850175555313,0.002126432882206153,279835,-12.7346,-140.2318,-990.4929,332.5,-175.0,-52.5
1751480443940,0,-0.08492249726306318,0.043631986896779364,1.0760970650580097,null,null,null,279835,-12.7346,-140.2318,-990.4929,332.5,-175.0,-52.5
1751480443940,1,-0.08356915742661865,-0.048705293433354065,1.0747505780651445,null,null,null,279835,-12.7346,-140.2318,-990.4929,332.5,-175.0,-52.5
1751480443940,REL,null,null,null,-0.0013533398364445337,0.09233728033013343,0.0013464869928652146,279835,-12.7346,-140.2318,-990.4929,332.5,-175.0,-52.5
1751480444029,0,-0.08477063176428427,0.043547685453723506,1.073922296848805,null,null,null,279835,-12.7346,-140.2318,-990.4929,332.5,-175.0,-52.5
1751480444029,1,-0.08353066731760096,-0.04868520884097681,1.0743007895404018,null,null,null,279835,-12.7346,-140.2318,-990.4929,332.5,-175.0,-52.5
1751480444029,REL,null,null,null,-0.0012399644466833115,0.09223289429470032,-0.0003784926915968434,279835,-12.7346,-140.2318,-990.4929,332.5,-175.0,-52.5
1751480444121,0,-0.08492191834805746,0.04363573684371085,1.0762147013466423,null,null,null,279835,-12.7346,-140.2318,-990.4929,332.5,-175.0,-52.5
1751480444121,1,-0.08355056664298503,-0.048694320707889226,1.0743806709547348,null,null,null,279835,-12.7346,-140.2318,-990.4929,332.5,-175.0,-52.5
1751480444121,REL,null,null,null,-0.0013713517050724239,0.09233005755160008,0.0018340303919075485,279835,-12.7346,-140.2318,-990.4929,332.5,-175.0,-52.5
1751480444215,0,-0.08490659625944887,0.04362408550517405,1.0760749003242287,null,null,null,279835,-12.7346,-140.2318,-990.4929,332.5,-175.0,-52.5
1751480444215,1,-0.08351561800815634,-0.048680013741838245,1.0741727282674844,null,null,null,279835,-12.7346,-140.2318,-990.4929,332.5,-175.0,-52.5
1751480444215,REL,null,null,null,-0.0013909782512925295,0.0923040992470123,0.0019021720567442557,279835,-12.7346,-140.2318,-990.4929,332.5,-175.0,-52.5
1751480444309,0,-0.08488092629187097,0.04361545222039729,1.0756119696872877,null,null,null,279835,-12.7346,-140.2318,-990.4929,332.5,-175.0,-52.5
1751480444309,1,-0.08349478909682592,-0.04866476351226938,1.0739151914892584,null,null,null,279835,-12.7346,-140.2318,-990.4929,332.5,-175.0,-52.5
1751480444310,REL,null,null,null,-0.0013861371950450452,0.09228021573266668,0.0016967781980292695,279835,-12.7346,-140.2318,-990.4929,332.5,-175.0,-52.5
1751480444402,0,-0.08486485321122665,0.043569493154914776,1.0749872500148268,null,null,null,279835,-12.7346,-140.2318,-990.4929,332.5,-175.0,-52.5
1751480444402,1,-0.08354817891102878,-0.04869515491430726,1.0744842567703372,null,null,null,279835,-12.7346,-140.2318,-990.4929,332.5,-175.0,-52.5
1751480444402,REL,null,null,null,-0.0013166743001978704,0.09226464806922204,0.0005029932444895469,279835,-12.7346,-140.2318,-990.4929,332.5,-175.0,-52.5
1751480444496,0,-0.08489126711647445,0.04362368728354988,1.075754150263536,null,null,null,279835,-12.7346,-140.2318,-990.4929,332.5,-175.0,-52.5
1751480444497,1,-0.0835165839924505,-0.04868560668249476,1.074220674151016,null,null,null,279835,-12.7346,-140.2318,-990.4929,332.5,-175.0,-52.5
1751480444497,REL,null,null,null,-0.0013746831240239454,0.09230929396604465,0.0015334761125198604,279835,-12.7346,-140.2318,-990.4929,332.5,-175.0,-52.5
1751480444586,0,-0.0848571944910939,0.04364888743147471,1.0754368872581856,null,null,null,279835,-12.7346,-140.2318,-990.4929,332.5,-175.0,-52.5
1751480444586,1,-0.08349292311721358,-0.04864972152612367,1.073899690796967,null,null,null,279835,-12.7346,-140.2318,-990.4929,332.5,-175.0,-52.5
1751480444586,REL,null,null,null,-0.0013642713738803158,0.09229860895759838,0.0015371964612187483,279835,-12.7346,-140.2318,-990.4929,332.5,-175.0,-52.5
1751480444680,0,-0.0848682899793265,0.04360572855407017,1.0754493268835672,null,null,null,279835,-12.7346,-140.2318,-990.4929,332.5,-175.0,-52.5
1751480444680,1,-0.08357443283431555,-0.04872289374829154,1.075167766635505,null,null,null,279835,-12.7346,-140.2318,-990.4929,332.5,-175.0,-52.5
1751480444680,REL,null,null,null,-0.0012938571450109432,0.09232862230236172,0.0002815602480621404,279835,-12.7346,-140.2318,-990.4929,332.5,-175.0,-52.5
1751480444769,0,-0.08485537721029286,0.04356188456323676,1.0752119519295091,null,null,null,279835,-12.7346,-140.2318,-990.4929,332.5,-175.0,-52.5
1751480444769,1,-0.08357459828446592,-0.04871423404354093,1.0751867749114816,null,null,null,279835,-12.7346,-140.2318,-990.4929,332.5,-175.0,-52.5
1751480444769,REL,null,null,null,-0.0012807789258269392,0.09227611860677769,2.5177018027511266e-05,279835,-12.7346,-140.2318,-990.4929,332.5,-175.0,-52.5
1751480444863,0,-0.08488801994745424,0.043666650966931106,1.07640955591938,null,null,null,279835,-12.7346,-140.2318,-990.4929,332.5,-175.0,-52.5
1751480444863,1,-0.08349464846191271,-0.04868649625112498,1.0750681695080535,null,null,null,279835,-12.7346,-140.2318,-990.4929,332.5,-175.0,-52.5
1751480444863,REL,null,null,null,-0.001393371485541528,0.09235314721805608,0.0013413864113265284,279835,-12.7346,-140.2318,-990.4929,332.5,-175.0,-52.5
1751480444960,0,-0.0846210881493656,0.04357895862533517,1.0730684658031486,null,null,null,279835,-12.7346,-140.2318,-990.4929,332.5,-175.0,-52.5
1751480444960,1,-0.0834846587806912,-0.04866804218505572,1.074778200578898,null,null,null,279835,-12.7346,-140.2318,-990.4929,332.5,-175.0,-52.5
1751480444960,REL,null,null,null,-0.0011364293686744048,0.09224700081039089,-0.0017097347757493164,279835,-12.7346,-140.2318,-990.4929,332.5,-175.0,-52.5
1751480445054,0,-0.08488384794635769,0.04367041457642921,1.076205649618894,null,null,null,279835,-12.7346,-140.2318,-990.4929,332.5,-175.0,-52.5
1751480445054,1,-0.08360877994011462,-0.04872892692969232,1.0760921149928777,null,null,null,279835,-12.7346,-140.2318,-990.4929,332.5,-175.0,-52.5
1751480445054,REL,null,null,null,-0.0012750680062430658,0.09239934150612153,0.0001135346260163761,279835,-12.7346,-140.2318,-990.4929,332.5,-175.0,-52.5
1751480445144,0,-0.08481064497994976,0.043616920251131876,1.075500558144994,null,null,null,279835,-12.7346,-140.2318,-990.4929,332.5,-175.0,-52.5
1751480445144,1,-0.08376459805588062,-0.04884212333549632,1.077238302654892,null,null,null,279835,-12.7346,-140.2318,-990.4929,332.5,-175.0,-52.5
1751480445144,REL,null,null,null,-0.0010460469240691495,0.0924590435866282,-0.0017377445098980537,279835,-12.7346,-140.2318,-990.4929,332.5,-175.0,-52.5
1751480445236,0,-0.08482234637957306,0.043622237279152515,1.0753862164632664,null,null,null,279835,-12.7346,-140.2318,-990.4929,332.5,-175.0,-52.5
1751480445236,1,-0.08360745519122693,-0.048736959770187896,1.0761529373751135,null,null,null,279835,-12.7346,-140.2318,-990.4929,332.5,-175.0,-52.5
1751480445236,REL,null,null,null,-0.001214891188346126,0.09235919704934041,-0.0007667209118471519,279835,-12.7346,-140.2318,-990.4929,332.5,-175.0,-52.5
1751480445323,0,-0.08482411310093581,0.043639406115455616,1.075491980334638,null,null,null,279835,-12.7346,-140.2318,-990.4929,332.5,-175.0,-52.5
1751480445323,1,-0.08348135775344413,-0.04866272126347959,1.074478305835438,null,null,null,279835,-12.7346,-140.2318,-990.4929,332.5,-175.0,-52.5
1751480445323,REL,null,null,null,-0.0013427553474916754,0.0923021273789352,0.0010136744992002011,279835,-12.7346,-140.2318,-990.4929,332.5,-175.0,-52.5
1751480445415,0,-0.08486090420312699,0.0436545988194511,1.0760897982334128,null,null,null,279835,-12.7346,-140.2318,-990.4929,332.5,-175.0,-52.5
1751480445415,1,-0.08356480990379947,-0.0487122462201511,1.0757179878745724,null,null,null,279835,-12.7346,-140.2318,-990.4929,332.5,-175.0,-52.5
1751480445415,REL,null,null,null,-0.0012960942993275187,0.0923668450396022,0.0003718103588403743,279835,-12.7346,-140.2318,-990.4929,332.5,-175.0,-52.5
1751480445505,0,-0.08488911122741981,0.043664448790439264,1.0764859626579701,null,null,null,43,-58.4648,-135.9921,-1003.7488,-5862.5,20230.0,-3710.0
1751480445505,1,-0.08340822594797978,-0.04859407233731874,1.0731691375297534,null,null,null,43,-58.4648,-135.9921,-1003.7488,-5862.5,20230.0,-3710.0
1751480445505,REL,null,null,null,-0.001480885279440028,0.09225852112775801,0.0033168251282167382,43,-58.4648,-135.9921,-1003.7488,-5862.5,20230.0,-3710.0
1751480445598,0,-0.0849431424395023,0.043627480338184504,1.076813302375009,null,null,null,43,-58.4648,-135.9921,-1003.7488,-5862.5,20230.0,-3710.0
1751480445598,1,-0.08363176324155229,-0.04873157151405822,1.0750680376485946,null,null,null,43,-58.4648,-135.9921,-1003.7488,-5862.5,20230.0,-3710.0
1751480445598,REL,null,null,null,-0.001311379197950005,0.09235905185224272,0.0017452647264144527,43,-58.4648,-135.9921,-1003.7488,-5862.5,20230.0,-3710.0
1751480445688,0,-0.0848476736343951,0.043629514546395076,1.0753925652936478,null,null,null,43,-58.4648,-135.9921,-1003.7488,-5862.5,20230.0,-3710.0
1751480445688,1,-0.08358739639628682,-0.04870783317872834,1.0756205372721162,null,null,null,43,-58.4648,-135.9921,-1003.7488,-5862.5,20230.0,-3710.0
1751480445688,REL,null,null,null,-0.0012602772381082872,0.09233734772512342,-0.00022797197846835537,43,-58.4648,-135.9921,-1003.7488,-5862.5,20230.0,-3710.0
1751480445786,0,-0.08480048488160581,0.04362455361625553,1.0751398194096229,null,null,null,43,-58.4648,-135.9921,-1003.7488,-5862.5,20230.0,-3710.0
1751480445786,1,-0.08341639025692989,-0.04861186921597907,1.0733377338373382,null,null,null,43,-58.4648,-135.9921,-1003.7488,-5862.5,20230.0,-3710.0
1751480445786,REL,null,null,null,-0.0013840946246759245,0.0922364228322346,0.001802085572284673,43,-58.4648,-135.9921,-1003.7488,-5862.5,20230.0,-3710.0
1751480445885,0,-0.08475146729613593,0.04360737187618297,1.0746836079241897,null,null,null,43,-58.4648,-135.9921,-1003.7488,-5862.5,20230.0,-3710.0
1751480445885,1,-0.08351902230358528,-0.048706698864446084,1.0751367803370635,null,null,null,43,-58.4648,-135.9921,-1003.7488,-5862.5,20230.0,-3710.0
1751480445885,REL,null,null,null,-0.001232444992550652,0.09231407074062906,-0.0004531724128737924,43,-58.4648,-135.9921,-1003.7488,-5862.5,20230.0,-3710.0
1751480445981,0,-0.08485250936023978,0.04365761798516709,1.0760432051944655,null,null,null,43,-58.4648,-135.9921,-1003.7488,-5862.5,20230.0,-3710.0
1751480445981,1,-0.08339340378427852,-0.048622908244294855,1.0733496755788392,null,null,null,43,-58.4648,-135.9921,-1003.7488,-5862.5,20230.0,-3710.0
1751480445982,REL,null,null,null,-0.0014591055759612531,0.09228052622946195,0.0026935296156263,43,-58.4648,-135.9921,-1003.7488,-5862.5,20230.0,-3710.0
1751480446095,0,-0.08481700739262536,0.04360836093115051,1.0757037524951794,null,null,null,43,-58.4648,-135.9921,-1003.7488,-5862.5,20230.0,-3710.0
1751480446095,1,-0.08344174543679073,-0.048667545224343765,1.0745236735977044,null,null,null,43,-58.4648,-135.9921,-1003.7488,-5862.5,20230.0,-3710.0
1751480446095,REL,null,null,null,-0.0013752619558346363,0.09227590615549427,0.0011800788974749565,43,-58.4648,-135.9921,-1003.7488,-5862.5,20230.0,-3710.0
1751480446187,0,-0.08473271238197896,0.04359387919497802,1.074544093661123,null,null,null,43,-58.4648,-135.9921,-1003.7488,-5862.5,20230.0,-3710.0
1751480446187,1,-0.0835243865956728,-0.048701720687328705,1.075309516659172,null,null,null,43,-58.4648,-135.9921,-1003.7488,-5862.5,20230.0,-3710.0
1751480446187,REL,null,null,null,-0.0012083257863061692,0.09229559988230673,-0.0007654229980489369,43,-58.4648,-135.9921,-1003.7488,-5862.5,20230.0,-3710.0
1751480446286,0,-0.08477875930447715,0.04362364394377057,1.0749708720421405,null,null,null,43,-58.4648,-135.9921,-1003.7488,-5862.5,20230.0,-3710.0
1751480446286,1,-0.08350467151293067,-0.048685140217714994,1.0747479161307658,null,null,null,43,-58.4648,-135.9921,-1003.7488,-5862.5,20230.0,-3710.0
1751480446286,REL,null,null,null,-0.0012740877915464743,0.09230878416148557,0.00022295591137466708,43,-58.4648,-135.9921,-1003.7488,-5862.5,20230.0,-3710.0
1751480446382,0,-0.08489771968706628,0.04366258889638719,1.0766274257111188,null,null,null,43,-58.4648,-135.9921,-1003.7488,-5862.5,20230.0,-3710.0
1751480446382,1,-0.08357053510297274,-0.04871907449785727,1.07582254061452,null,null,null,43,-58.4648,-135.9921,-1003.7488,-5862.5,20230.0,-3710.0
1751480446382,REL,null,null,null,-0.0013271845840935326,0.09238166339424446,0.0008048850965987064,43,-58.4648,-135.9921,-1003.7488,-5862.5,20230.0,-3710.0
1751480446480,0,-0.08467014066152073,0.043577814128803224,1.0737662973795898,null,null,null,43,-58.4648,-135.9921,-1003.7488,-5862.5,20230.0,-3710.0
1751480446480,1,-0.08352309697372717,-0.048722665730481556,1.0754432069648239,null,null,null,43,-58.4648,-135.9921,-1003.7488,-5862.5,20230.0,-3710.0
1751480446480,REL,null,null,null,-0.0011470436877935586,0.09230047985928477,-0.001676909585234032,43,-58.4648,-135.9921,-1003.7488,-5862.5,20230.0,-3710.0
1751480446571,0,-0.08476959487395169,0.043588753568969976,1.074806413340051,null,null,null,21,-16.6204,-137.8675,-979.9933,-6510.0,-23677.5,7910.0
1751480446571,1,-0.08357528906212347,-0.04875571865605831,1.076170246515637,null,null,null,21,-16.6204,-137.8675,-979.9933,-6510.0,-23677.5,7910.0
1751480446571,REL,null,null,null,-0.0011943058118282224,0.09234447222502828,-0.0013638331755860822,21,-16.6204,-137.8675,-979.9933,-6510.0,-23677.5,7910.0
1751480446670,0,-0.08478559040123045,0.043617141425505136,1.0750074433877537,null,null,null,2666,-25.391,-135.4706,-984.2567,-6755.0,-26110.0,10570.0
1751480446670,1,-0.08356047905552988,-0.048752061855985476,1.0759982592691564,null,null,null,2666,-25.391,-135.4706,-984.2567,-6755.0,-26110.0,10570.0
1751480446670,REL,null,null,null,-0.0012251113457005663,0.09236920328149062,-0.0009908158814027068,2666,-25.391,-135.4706,-984.2567,-6755.0,-26110.0,10570.0
1751480446763,0,-0.08482094468068024,0.04363826240581465,1.075720911500776,null,null,null,13,-83.1057,-130.4853,-1005.9214,9275.0,61145.0,-5775.0
1751480446763,1,-0.08355808584695062,-0.04873575235307895,1.0757747112211236,null,null,null,13,-83.1057,-130.4853,-1005.9214,9275.0,61145.0,-5775.0
1751480446763,REL,null,null,null,-0.0012628588337296187,0.09237401475889359,-5.3799720347580404e-05,13,-83.1057,-130.4853,-1005.9214,9275.0,61145.0,-5775.0
1751480446864,0,-0.08485092475668518,0.04362651748254253,1.0757741514209385,null,null,null,13,-83.1057,-130.4853,-1005.9214,9275.0,61145.0,-5775.0
1751480446864,1,-0.08359892384869641,-0.048750661636417766,1.0762480386902844,null,null,null,13,-83.1057,-130.4853,-1005.9214,9275.0,61145.0,-5775.0
1751480446864,REL,null,null,null,-0.0012520009079887706,0.09237717911896029,-0.0004738872693459406,13,-83.1057,-130.4853,-1005.9214,9275.0,61145.0,-5775.0
1751480446967,0,-0.08481929469540006,0.0436240678232138,1.0754730186502952,null,null,null,13,-83.1057,-130.4853,-1005.9214,9275.0,61145.0,-5775.0
1751480446967,1,-0.08352603790150036,-0.04869398988855785,1.0750613973422074,null,null,null,13,-83.1057,-130.4853,-1005.9214,9275.0,61145.0,-5775.0
1751480446967,REL,null,null,null,-0.0012932567938997025,0.09231805771177165,0.00041162130808780617,13,-83.1057,-130.4853,-1005.9214,9275.0,61145.0,-5775.0
1751480447061,0,-0.08477453896699635,0.04360812139070925,1.0749785830055094,null,null,null,13,-83.1057,-130.4853,-1005.9214,9275.0,61145.0,-5775.0
1751480447061,1,-0.083500472817606,-0.048709561983052624,1.0750829237897457,null,null,null,13,-83.1057,-130.4853,-1005.9214,9275.0,61145.0,-5775.0
1751480447061,REL,null,null,null,-0.0012740661493903516,0.09231768337376187,-0.00010434078423626758,13,-83.1057,-130.4853,-1005.9214,9275.0,61145.0,-5775.0
1751480447166,0,-0.08484158894260654,0.04361474495081548,1.0757033170224695,null,null,null,13,-83.1057,-130.4853,-1005.9214,9275.0,61145.0,-5775.0
1751480447166,1,-0.08374055919416959,-0.04881914872912895,1.0779425669231042,null,null,null,13,-83.1057,-130.4853,-1005.9214,9275.0,61145.0,-5775.0
1751480447166,REL,null,null,null,-0.0011010297484369547,0.09243389367994442,-0.002239249900634732,13,-83.1057,-130.4853,-1005.9214,9275.0,61145.0,-5775.0
1751480447285,0,-0.08485887185127582,0.04363325047655909,1.0758432138294576,null,null,null,13,-83.1057,-130.4853,-1005.9214,9275.0,61145.0,-5775.0
1751480447285,1,-0.08358280424916163,-0.04872505883858564,1.0756400850851486,null,null,null,13,-83.1057,-130.4853,-1005.9214,9275.0,61145.0,-5775.0
1751480447285,REL,null,null,null,-0.0012760676021141837,0.09235830931514473,0.00020312874430894468,13,-83.1057,-130.4853,-1005.9214,9275.0,61145.0,-5775.0
1751480447387,0,-0.08476506311009704,0.043610942998003874,1.0750866088233704,null,null,null,13,-83.1057,-130.4853,-1005.9214,9275.0,61145.0,-5775.0
1751480447387,1,-0.08343594531377513,-0.04866725922874409,1.0740026973467678,null,null,null,13,-83.1057,-130.4853,-1005.9214,9275.0,61145.0,-5775.0
1751480447388,REL,null,null,null,-0.0013291177963219158,0.09227820222674796,0.0010839114766025837,13,-83.1057,-130.4853,-1005.9214,9275.0,61145.0,-5775.0
1751480447482,0,-0.08483992529348085,0.04362799219423163,1.0756553772168955,null,null,null,13,-83.1057,-130.4853,-1005.9214,9275.0,61145.0,-5775.0
1751480447482,1,-0.08344620278571148,-0.04866369750462448,1.0739820385597183,null,null,null,13,-83.1057,-130.4853,-1005.9214,9275.0,61145.0,-5775.0
1751480447482,REL,null,null,null,-0.0013937225077693682,0.09229168969885611,0.0016733386571772257,13,-83.1057,-130.4853,-1005.9214,9275.0,61145.0,-5775.0
1751480447575,0,-0.0849047891248696,0.04366421075910414,1.0762942984541768,null,null,null,13,-83.1057,-130.4853,-1005.9214,9275.0,61145.0,-5775.0
1751480447575,1,-0.08355107207768143,-0.04869686912320759,1.075036591418697,null,null,null,13,-83.1057,-130.4853,-1005.9214,9275.0,61145.0,-5775.0
1751480447575,REL,null,null,null,-0.0013537170471881604,0.09236107988231174,0.0012577070354797826,13,-83.1057,-130.4853,-1005.9214,9275.0,61145.0,-5775.0
1751480447674,0,-0.08488768924245102,0.043659325032823666,1.0763959741419094,null,null,null,13,-83.1057,-130.4853,-1005.9214,9275.0,61145.0,-5775.0
1751480447674,1,-0.08348725719006606,-0.04866769845152149,1.07424529688122,null,null,null,13,-83.1057,-130.4853,-1005.9214,9275.0,61145.0,-5775.0
1751480447674,REL,null,null,null,-0.0014004320523849645,0.09232702348434516,0.0021506772606894042,13,-83.1057,-130.4853,-1005.9214,9275.0,61145.0,-5775.0
1751480447770,0,-0.08498466978418254,0.043675507906762966,1.0770337424362157,null,null,null,13,-83.1057,-130.4853,-1005.9214,9275.0,61145.0,-5775.0
1751480447770,1,-0.08351299605048486,-0.04865370812101059,1.0739617631266494,null,null,null,13,-83.1057,-130.4853,-1005.9214,9275.0,61145.0,-5775.0
1751480447771,REL,null,null,null,-0.0014716737336976787,0.09232921602777355,0.003071979309566375,13,-83.1057,-130.4853,-1005.9214,9275.0,61145.0,-5775.0
1751480447867,0,-0.08498466978418254,0.043675507906762966,1.0770337424362157,null,null,null,13,-83.1057,-130.4853,-1005.9214,9275.0,61145.0,-5775.0
1751480447867,1,-0.08351299605048486,-0.04865370812101059,1.0739617631266494,null,null,null,13,-83.1057,-130.4853,-1005.9214,9275.0,61145.0,-5775.0
1751480447867,REL,null,null,null,-0.0014716737336976787,0.09232921602777355,0.003071979309566375,13,-83.1057,-130.4853,-1005.9214,9275.0,61145.0,-5775.0
1751480447967,0,-0.08485883221572713,0.043613856764377984,1.075746519537022,null,null,null,283949,-34.6717,-134.0623,-988.0308,-12915.0,-48212.5,4462.5
1751480447967,1,-0.08355454205639465,-0.048718245365553456,1.0751027867355252,null,null,null,283949,-34.6717,-134.0623,-988.0308,-12915.0,-48212.5,4462.5
1751480447967,REL,null,null,null,-0.0013042901593324774,0.09233210212993144,0.0006437328014967658,283949,-34.6717,-134.0623,-988.0308,-12915.0,-48212.5,4462.5
1751480448063,0,-0.08484885827080658,0.043620186360191396,1.075068639916158,null,null,null,283949,-34.6717,-134.0623,-988.0308,-12915.0,-48212.5,4462.5
1751480448063,1,-0.08349576180592734,-0.048647057282019124,1.0739449434592248,null,null,null,283949,-34.6717,-134.0623,-988.0308,-12915.0,-48212.5,4462.5
1751480448063,REL,null,null,null,-0.0013530964648792443,0.09226724364221052,0.0011236964569332208,283949,-34.6717,-134.0623,-988.0308,-12915.0,-48212.5,4462.5
1751480448171,0,-0.08492731951763387,0.0436810874822745,1.0768848336224677,null,null,null,283949,-34.6717,-134.0623,-988.0308,-12915.0,-48212.5,4462.5
1751480448171,1,-0.08356055175717104,-0.048734651807865244,1.075674998664693,null,null,null,283949,-34.6717,-134.0623,-988.0308,-12915.0,-48212.5,4462.5
1751480448171,REL,null,null,null,-0.0013667677604628226,0.09241573929013974,0.0012098349577747136,283949,-34.6717,-134.0623,-988.0308,-12915.0,-48212.5,4462.5
1751480448273,0,-0.08491800976214321,0.04366574978185725,1.0764877114358593,null,null,null,283949,-34.6717,-134.0623,-988.0308,-12915.0,-48212.5,4462.5
1751480448273,1,-0.08353211691807308,-0.04868695118496883,1.0747479631389707,null,null,null,283949,-34.6717,-134.0623,-988.0308,-12915.0,-48212.5,4462.5
1751480448273,REL,null,null,null,-0.001385892844070133,0.09235270096682607,0.0017397482968886102,283949,-34.6717,-134.0623,-988.0308,-12915.0,-48212.5,4462.5
1751480448395,0,-0.08486986822360378,0.04362104683638682,1.075457138883601,null,null,null,283949,-34.6717,-134.0623,-988.0308,-12915.0,-48212.5,4462.5
1751480448395,1,-0.08349484981956838,-0.04865814205509152,1.074192964030884,null,null,null,283949,-34.6717,-134.0623,-988.0308,-12915.0,-48212.5,4462.5
1751480448395,REL,null,null,null,-0.001375018404035394,0.09227918889147835,0.0012641748527169039,283949,-34.6717,-134.0623,-988.0308,-12915.0,-48212.5,4462.5
1751480448498,0,-0.08495467908917582,0.04370362632976475,1.076970528126023,null,null,null,283949,-34.6717,-134.0623,-988.0308,-12915.0,-48212.5,4462.5
1751480448498,1,-0.08360147451429824,-0.04871659172129983,1.0756129858025123,null,null,null,283949,-34.6717,-134.0623,-988.0308,-12915.0,-48212.5,4462.5
1751480448498,REL,null,null,null,-0.0013532045748775867,0.09242021805106458,0.0013575423235105966,283949,-34.6717,-134.0623,-988.0308,-12915.0,-48212.5,4462.5
1751480448602,0,-0.08487318311012206,0.04364151717267984,1.0757689544803666,null,null,null,573,-23.2865,-134.2077,-980.9642,-3465.0,-41107.5,13720.0
1751480448602,1,-0.08350063657879765,-0.04867358741079838,1.0740831645014866,null,null,null,573,-23.2865,-134.2077,-980.9642,-3465.0,-41107.5,13720.0
1751480448602,REL,null,null,null,-0.0013725465313244034,0.09231510458347822,0.0016857899788800257,573,-23.2865,-134.2077,-980.9642,-3465.0,-41107.5,13720.0
1751480448704,0,-0.0848523955320784,0.04362005004871671,1.0754842838535195,null,null,null,573,-23.2865,-134.2077,-980.9642,-3465.0,-41107.5,13720.0
1751480448704,1,-0.08345174714145051,-0.04863977534099058,1.073804749668359,null,null,null,573,-23.2865,-134.2077,-980.9642,-3465.0,-41107.5,13720.0
1751480448704,REL,null,null,null,-0.0014006483906278955,0.09225982538970728,0.001679534185160536,573,-23.2865,-134.2077,-980.9642,-3465.0,-41107.5,13720.0
1751480448802,0,-0.08485319881449592,0.04362473864637536,1.0754254968297965,null,null,null,573,-23.2865,-134.2077,-980.9642,-3465.0,-41107.5,13720.0
1751480448802,1,-0.08354539364375166,-0.04869299203727012,1.0750980678672024,null,null,null,573,-23.2865,-134.2077,-980.9642,-3465.0,-41107.5,13720.0
1751480448802,REL,null,null,null,-0.0013078051707442612,0.09231773068364549,0.0003274289625940785,573,-23.2865,-134.2077,-980.9642,-3465.0,-41107.5,13720.0
1751480448903,0,-0.08485229239217924,0.043653537555273965,1.0759776853906666,null,null,null,573,-23.2865,-134.2077,-980.9642,-3465.0,-41107.5,13720.0
1751480448903,1,-0.08360855378081061,-0.048766241671005774,1.076516409563554,null,null,null,573,-23.2865,-134.2077,-980.9642,-3465.0,-41107.5,13720.0
1751480448903,REL,null,null,null,-0.0012437386113686305,0.09241977922627974,-0.0005387241728873615,573,-23.2865,-134.2077,-980.9642,-3465.0,-41107.5,13720.0
1751480449005,0,-0.08457104920758982,0.043580049772718336,1.073352343199364,null,null,null,573,-23.2865,-134.2077,-980.9642,-3465.0,-41107.5,13720.0
1751480449005,1,-0.08350524494031977,-0.04869874357758109,1.0759437985045253,null,null,null,573,-23.2865,-134.2077,-980.9642,-3465.0,-41107.5,13720.0
1751480449005,REL,null,null,null,-0.001065804267270043,0.09227879335029943,-0.002591455305161361,573,-23.2865,-134.2077,-980.9642,-3465.0,-41107.5,13720.0
1751480449109,0,-0.08481829947088894,0.04369943934517336,1.0767022614342048,null,null,null,573,-23.2865,-134.2077,-980.9642,-3465.0,-41107.5,13720.0
1751480449109,1,-0.0834185652205954,-0.04862814996560947,1.0746040282445501,null,null,null,573,-23.2865,-134.2077,-980.9642,-3465.0,-41107.5,13720.0
1751480449109,REL,null,null,null,-0.0013997342502935356,0.09232758931078283,0.0020982331896546302,573,-23.2865,-134.2077,-980.9642,-3465.0,-41107.5,13720.0
1751480449207,0,-0.08479425830361217,0.04371831814577408,1.0765186765019956,null,null,null,573,-23.2865,-134.2077,-980.9642,-3465.0,-41107.5,13720.0
1751480449207,1,-0.0834942635425929,-0.04865643954279547,1.0760007713823598,null,null,null,573,-23.2865,-134.2077,-980.9642,-3465.0,-41107.5,13720.0
1751480449207,REL,null,null,null,-0.0012999947610192741,0.09237475768856955,0.0005179051196357864,573,-23.2865,-134.2077,-980.9642,-3465.0,-41107.5,13720.0
1751480449309,0,-0.08473948439204701,0.043674617198252656,1.0760529956351996,null,null,null,573,-23.2865,-134.2077,-980.9642,-3465.0,-41107.5,13720.0
1751480449309,1,-0.08351990953220743,-0.048685475709491964,1.0764894313438231,null,null,null,573,-23.2865,-134.2077,-980.9642,-3465.0,-41107.5,13720.0
1751480449309,REL,null,null,null,-0.0012195748598395756,0.09236009290774462,-0.000436435708623506,573,-23.2865,-134.2077,-980.9642,-3465.0,-41107.5,13720.0
1751480449413,0,-0.08472361302448306,0.04370217297004312,1.0766041169078577,null,null,null,573,-23.2865,-134.2077,-980.9642,-3465.0,-41107.5,13720.0
1751480449413,1,-0.08352437197510719,-0.0487126094757183,1.0773157949998544,null,null,null,573,-23.2865,-134.2077,-980.9642,-3465.0,-41107.5,13720.0
1751480449414,REL,null,null,null,-0.0011992410493758682,0.09241478244576143,-0.0007116780919966814,573,-23.2865,-134.2077,-980.9642,-3465.0,-41107.5,13720.0
1751480449518,0,-0.08463375383338533,0.04366969774648576,1.075648067866372,null,null,null,573,-23.2865,-134.2077,-980.9642,-3465.0,-41107.5,13720.0
1751480449518,1,-0.08341512794352987,-0.04863815461617018,1.0760864522056213,null,null,null,573,-23.2865,-134.2077,-980.9642,-3465.0,-41107.5,13720.0
1751480449519,REL,null,null,null,-0.0012186258898554542,0.09230785236265594,-0.0004383843392492537,573,-23.2865,-134.2077,-980.9642,-3465.0,-41107.5,13720.0
1751480449624,0,-0.08453506927427765,0.04362858301654886,1.0743443746468686,null,null,null,285651,-69.8786,-129.6228,-984.0891,-2415.0,-36557.5,6160.0
1751480449624,1,-0.08350431710690018,-0.04872677626603932,1.0775453467201672,null,null,null,285651,-69.8786,-129.6228,-984.0891,-2415.0,-36557.5,6160.0
1751480449625,REL,null,null,null,-0.0010307521673774689,0.09235535928258817,-0.0032009720732986136,285651,-69.8786,-129.6228,-984.0891,-2415.0,-36557.5,6160.0
1751480449731,0,-0.08453349063939829,0.04363232366013209,1.0743505285093498,null,null,null,285651,-69.8786,-129.6228,-984.0891,-2415.0,-36557.5,6160.0
1751480449731,1,-0.08342251516649878,-0.048667715128735904,1.0769087047986445,null,null,null,285651,-69.8786,-129.6228,-984.0891,-2415.0,-36557.5,6160.0
1751480449731,REL,null,null,null,-0.0011109754728995114,0.092300038788868,-0.002558176289294778,285651,-69.8786,-129.6228,-984.0891,-2415.0,-36557.5,6160.0
1751480449839,0,-0.08457341484036165,0.043639894576750354,1.074973927119252,null,null,null,798,-131.393,-130.0997,-991.4672,2082.5,25112.5,-2485.0
1751480449839,1,-0.08344444712963711,-0.04867484821206218,1.0769868710583779,null,null,null,798,-131.393,-130.0997,-991.4672,2082.5,25112.5,-2485.0
1751480449839,REL,null,null,null,-0.0011289677107245433,0.09231474278881253,-0.0020129439391258774,798,-131.393,-130.0997,-991.4672,2082.5,25112.5,-2485.0
1751480449938,0,-0.08453873104477967,0.04362536351449662,1.074859741684074,null,null,null,798,-131.393,-130.0997,-991.4672,2082.5,25112.5,-2485.0
1751480449938,1,-0.08328518178523794,-0.04861621365006728,1.0751606184324525,null,null,null,798,-131.393,-130.0997,-991.4672,2082.5,25112.5,-2485.0
1751480449939,REL,null,null,null,-0.001253549259541728,0.09224157716456391,-0.0003008767483785313,798,-131.393,-130.0997,-991.4672,2082.5,25112.5,-2485.0
1751480450041,0,-0.08467171745006837,0.043656580257477255,1.0768207103165073,null,null,null,798,-131.393,-130.0997,-991.4672,2082.5,25112.5,-2485.0
1751480450041,1,-0.08333857588538018,-0.04863877739559898,1.0762883561576846,null,null,null,798,-131.393,-130.0997,-991.4672,2082.5,25112.5,-2485.0
1751480450041,REL,null,null,null,-0.0013331415646881811,0.09229535765307623,0.0005323541588226899,798,-131.393,-130.0997,-991.4672,2082.5,25112.5,-2485.0
1751480450140,0,-0.08463622696554804,0.043673774859021505,1.0759165888199222,null,null,null,798,-131.393,-130.0997,-991.4672,2082.5,25112.5,-2485.0
1751480450140,1,-0.08343231250880631,-0.04872854386973779,1.0772362941016864,null,null,null,798,-131.393,-130.0997,-991.4672,2082.5,25112.5,-2485.0
1751480450140,REL,null,null,null,-0.0012039144567417281,0.09240231872875929,-0.001319705281764172,798,-131.393,-130.0997,-991.4672,2082.5,25112.5,-2485.0
1751480450243,0,-0.08456825015726976,0.043623441616311244,1.0749469051618676,null,null,null,798,-131.393,-130.0997,-991.4672,2082.5,25112.5,-2485.0
1751480450243,1,-0.08342925170654092,-0.048689338641893856,1.0771782520439965,null,null,null,798,-131.393,-130.0997,-991.4672,2082.5,25112.5,-2485.0
1751480450243,REL,null,null,null,-0.0011389984507288453,0.09231278025820511,-0.002231346882128893,798,-131.393,-130.0997,-991.4672,2082.5,25112.5,-2485.0
1751480450342,0,-0.08463485816400775,0.04366712268043396,1.076659884143072,null,null,null,798,-131.393,-130.0997,-991.4672,2082.5,25112.5,-2485.0
1751480450342,1,-0.08336727378645614,-0.04866975311387558,1.0764993227565816,null,null,null,798,-131.393,-130.0997,-991.4672,2082.5,25112.5,-2485.0
1751480450342,REL,null,null,null,-0.0012675843775516032,0.09233687579430955,0.00016056138649034324,798,-131.393,-130.0997,-991.4672,2082.5,25112.5,-2485.0
1751480450434,0,-0.08437938444350292,0.04357566314782665,1.072485074596955,null,null,null,798,-131.393,-130.0997,-991.4672,2082.5,25112.5,-2485.0
1751480450434,1,-0.08330657128242493,-0.048509281338722225,1.0753994287535327,null,null,null,798,-131.393,-130.0997,-991.4672,2082.5,25112.5,-2485.0
1751480450434,REL,null,null,null,-0.00107281316107799,0.09208494448654887,-0.002914354156577703,798,-131.393,-130.0997,-991.4672,2082.5,25112.5,-2485.0
1751480450536,0,-0.08451017078366048,0.043635523726544855,1.0740324381174815,null,null,null,798,-131.393,-130.0997,-991.4672,2082.5,25112.5,-2485.0
1751480450536,1,-0.08338974256528674,-0.048585033578391446,1.0763637369388597,null,null,null,798,-131.393,-130.0997,-991.4672,2082.5,25112.5,-2485.0
1751480450536,REL,null,null,null,-0.0011204282183737424,0.09222055730493631,-0.0023312988213781694,798,-131.393,-130.0997,-991.4672,2082.5,25112.5,-2485.0
1751480450655,0,-0.0844130123037944,0.04358870071744533,1.0725331741964286,null,null,null,798,-131.393,-130.0997,-991.4672,2082.5,25112.5,-2485.0
1751480450655,1,-0.08331642825081943,-0.048484229725659016,1.07466978983169,null,null,null,798,-131.393,-130.0997,-991.4672,2082.5,25112.5,-2485.0
1751480450655,REL,null,null,null,-0.0010965840529749693,0.09207293044310436,-0.002136615635261352,798,-131.393,-130.0997,-991.4672,2082.5,25112.5,-2485.0
1751480450762,0,-0.08444939961471119,0.04360520095761526,1.0729481440628168,null,null,null,798,-131.393,-130.0997,-991.4672,2082.5,25112.5,-2485.0
1751480450762,1,-0.08337847844897396,-0.048531197237694224,1.076355641735778,null,null,null,798,-131.393,-130.0997,-991.4672,2082.5,25112.5,-2485.0
1751480450762,REL,null,null,null,-0.001070921165737232,0.09213639819530949,-0.003407497672961224,798,-131.393,-130.0997,-991.4672,2082.5,25112.5,-2485.0
1751480450862,0,-0.08440097998368892,0.04357247030782452,1.0717311710703252,null,null,null,798,-131.393,-130.0997,-991.4672,2082.5,25112.5,-2485.0
1751480450862,1,-0.08355863198152115,-0.048680216697938296,1.078085174472502,null,null,null,798,-131.393,-130.0997,-991.4672,2082.5,25112.5,-2485.0
1751480450862,REL,null,null,null,-0.0008423480021677726,0.0922526870057628,-0.006354003402176733,798,-131.393,-130.0997,-991.4672,2082.5,25112.5,-2485.0
1751480450964,0,-0.08466612225682503,0.04370602304582932,1.0751917195036902,null,null,null,286983,-89.7032,-128.1807,-981.9933,2380.0,-33372.5,2310.0
1751480450964,1,-0.08352520141170215,-0.04861297171394726,1.0766501885623783,null,null,null,286983,-89.7032,-128.1807,-981.9933,2380.0,-33372.5,2310.0
1751480450964,REL,null,null,null,-0.001140920845122878,0.09231899475977659,-0.0014584690586880722,286983,-89.7032,-128.1807,-981.9933,2380.0,-33372.5,2310.0
1751480451059,0,-0.08430411473233608,0.04353589772085232,1.0707192226157338,null,null,null,286983,-89.7032,-128.1807,-981.9933,2380.0,-33372.5,2310.0
1751480451059,1,-0.08357711381827938,-0.0486540297078043,1.0783386311233745,null,null,null,286983,-89.7032,-128.1807,-981.9933,2380.0,-33372.5,2310.0
1751480451059,REL,null,null,null,-0.0007270009140566969,0.09218992742865662,-0.007619408507640646,286983,-89.7032,-128.1807,-981.9933,2380.0,-33372.5,2310.0
1751480451159,0,-0.08463606837209431,0.04363333338207633,1.0743283514395432,null,null,null,286983,-89.7032,-128.1807,-981.9933,2380.0,-33372.5,2310.0
1751480451159,1,-0.08354909912289105,-0.04866353299084813,1.0772995646010306,null,null,null,286983,-89.7032,-128.1807,-981.9933,2380.0,-33372.5,2310.0
1751480451159,REL,null,null,null,-0.0010869692492032623,0.09229686637292446,-0.002971213161487407,286983,-89.7032,-128.1807,-981.9933,2380.0,-33372.5,2310.0
1751480451259,0,-0.08466566737899528,0.04371447992835227,1.0751762536715046,null,null,null,286983,-89.7032,-128.1807,-981.9933,2380.0,-33372.5,2310.0
1751480451259,1,-0.08352342207173294,-0.04866266434366976,1.0764444293426112,null,null,null,286983,-89.7032,-128.1807,-981.9933,2380.0,-33372.5,2310.0
1751480451260,REL,null,null,null,-0.0011422453072623406,0.09237714427202204,-0.0012681756711065972,286983,-89.7032,-128.1807,-981.9933,2380.0,-33372.5,2310.0
1751480451384,0,-0.08442140165960364,0.04354084822169917,1.071249135610642,null,null,null,286983,-89.7032,-128.1807,-981.9933,2380.0,-33372.5,2310.0
1751480451384,1,-0.08354390510592499,-0.048656790782355686,1.0765639679970127,null,null,null,286983,-89.7032,-128.1807,-981.9933,2380.0,-33372.5,2310.0
1751480451384,REL,null,null,null,-0.00087749655367865,0.09219763900405487,-0.00531483238637076,286983,-89.7032,-128.1807,-981.9933,2380.0,-33372.5,2310.0
1751480451501,0,-0.08455358708002736,0.04359181370187599,1.072836775864926,null,null,null,286983,-89.7032,-128.1807,-981.9933,2380.0,-33372.5,2310.0
1751480451501,1,-0.0836800709946479,-0.04873693492579028,1.0786974549831472,null,null,null,286983,-89.7032,-128.1807,-981.9933,2380.0,-33372.5,2310.0
1751480451501,REL,null,null,null,-0.0008735160853794582,0.09232874862766627,-0.00586067911822119,286983,-89.7032,-128.1807,-981.9933,2380.0,-33372.5,2310.0
1751480451612,0,-0.08449108779471391,0.043594289253130976,1.0721369335571371,null,null,null,286983,-89.7032,-128.1807,-981.9933,2380.0,-33372.5,2310.0
1751480451612,1,-0.08354235204774511,-0.04866543071696044,1.0766936304648187,null,null,null,286983,-89.7032,-128.1807,-981.9933,2380.0,-33372.5,2310.0
1751480451612,REL,null,null,null,-0.0009487357469687985,0.09225971997009141,-0.004556696907681568,286983,-89.7032,-128.1807,-981.9933,2380.0,-33372.5,2310.0
1751480451713,0,-0.08444987064479081,0.0435358197688014,1.0715044202830557,null,null,null,286983,-89.7032,-128.1807,-981.9933,2380.0,-33372.5,2310.0
1751480451713,1,-0.08350920672751083,-0.04865081899295125,1.0759521409672845,null,null,null,286983,-89.7032,-128.1807,-981.9933,2380.0,-33372.5,2310.0
1751480451713,REL,null,null,null,-0.0009406639172799824,0.09218663876175265,-0.004447720684228829,286983,-89.7032,-128.1807,-981.9933,2380.0,-33372.5,2310.0
1751480451835,0,-0.08464794115841424,0.043612221076778125,1.0736137848526435,null,null,null,286983,-89.7032,-128.1807,-981.9933,2380.0,-33372.5,2310.0
1751480451835,1,-0.08345254994632492,-0.048631888874449275,1.0747510470180044,null,null,null,286983,-89.7032,-128.1807,-981.9933,2380.0,-33372.5,2310.0
1751480451835,REL,null,null,null,-0.0011953912120893223,0.0922441099512274,-0.0011372621653609194,286983,-89.7032,-128.1807,-981.9933,2380.0,-33372.5,2310.0
1751480451938,0,-0.08458496959274826,0.043587367304201104,1.0728275901073954,null,null,null,286983,-89.7032,-128.1807,-981.9933,2380.0,-33372.5,2310.0
1751480451938,1,-0.08366618305596711,-0.04873580371342153,1.0777720486522782,null,null,null,286983,-89.7032,-128.1807,-981.9933,2380.0,-33372.5,2310.0
1751480451938,REL,null,null,null,-0.0009187865367811521,0.09232317101762264,-0.0049444585448827905,286983,-89.7032,-128.1807,-981.9933,2380.0,-33372.5,2310.0
1751480452035,0,-0.08455664449014366,0.04356463197978977,1.0722861150570386,null,null,null,286983,-89.7032,-128.1807,-981.9933,2380.0,-33372.5,2310.0
1751480452035,1,-0.0835411949430997,-0.048667787583005544,1.0756399366614144,null,null,null,286983,-89.7032,-128.1807,-981.9933,2380.0,-33372.5,2310.0
1751480452035,REL,null,null,null,-0.0010154495470439673,0.09223241956279532,-0.0033538216043758062,286983,-89.7032,-128.1807,-981.9933,2380.0,-33372.5,2310.0
1751480452139,0,-0.08457491324807698,0.043566049160056575,1.0729565040276612,null,null,null,53,-112.28,-130.0905,-988.9249,315.0,25672.5,-2187.5
1751480452139,1,-0.08360536076650615,-0.04875054393240682,1.077342327530037,null,null,null,53,-112.28,-130.0905,-988.9249,315.0,25672.5,-2187.5
1751480452139,REL,null,null,null,-0.0009695524815708234,0.0923165930924634,-0.0043858235023757075,53,-112.28,-130.0905,-988.9249,315.0,25672.5,-2187.5
1751480452246,0,-0.08466622676391772,0.04360480006972951,1.0737998555196793,null,null,null,53,-112.28,-130.0905,-988.9249,315.0,25672.5,-2187.5
1751480452246,1,-0.08354197740517497,-0.04870374491639317,1.0758229768496632,null,null,null,53,-112.28,-130.0905,-988.9249,315.0,25672.5,-2187.5
1751480452246,REL,null,null,null,-0.0011242493587427516,0.09230854498612268,-0.0020231213299839457,53,-112.28,-130.0905,-988.9249,315.0,25672.5,-2187.5
1751480452356,0,-0.08466712098188464,0.04356316592943865,1.0737039065507024,null,null,null,7,-117.2749,-128.5995,-988.554,175.0,3622.5,3220.0
1751480452356,1,-0.08344018864228174,-0.04863583443685686,1.0746900789232974,null,null,null,7,-117.2749,-128.5995,-988.554,175.0,3622.5,3220.0
1751480452356,REL,null,null,null,-0.0012269323396029014,0.09219900036629551,-0.0009861723725950178,7,-117.2749,-128.5995,-988.554,175.0,3622.5,3220.0
1751480452457,0,-0.08464531103980541,0.04359480769366436,1.073650719053427,null,null,null,7,-117.2749,-128.5995,-988.554,175.0,3622.5,3220.0
1751480452457,1,-0.08354611244602822,-0.048712028033567854,1.0761293012912496,null,null,null,7,-117.2749,-128.5995,-988.554,175.0,3622.5,3220.0
1751480452457,REL,null,null,null,-0.0010991985937771898,0.09230683572723222,-0.002478582237822602,7,-117.2749,-128.5995,-988.554,175.0,3622.5,3220.0
1751480452560,0,-0.08454758363235954,0.04355053458417061,1.0722394498688033,null,null,null,7,-117.2749,-128.5995,-988.554,175.0,3622.5,3220.0
1751480452560,1,-0.08349428113795923,-0.04867369362980962,1.0752578875572574,null,null,null,7,-117.2749,-128.5995,-988.554,175.0,3622.5,3220.0
1751480452560,REL,null,null,null,-0.0010533024944003044,0.09222422821398023,-0.003018437688454112,7,-117.2749,-128.5995,-988.554,175.0,3622.5,3220.0
1751480452680,0,-0.08473421336045849,0.04359590475720498,1.0747517690601378,null,null,null,8676,-86.2697,-128.1125,-982.9734,-402.5,-41405.0,-1120.0
1751480452680,1,-0.08350737285213622,-0.048688714069886826,1.0757401867824956,null,null,null,8676,-86.2697,-128.1125,-982.9734,-402.5,-41405.0,-1120.0
1751480452680,REL,null,null,null,-0.001226840508322266,0.0922846188270918,-0.000988417722357804,8676,-86.2697,-128.1125,-982.9734,-402.5,-41405.0,-1120.0
1751480452776,0,-0.08461826727941259,0.043578979179878075,1.073127046874448,null,null,null,8676,-86.2697,-128.1125,-982.9734,-402.5,-41405.0,-1120.0
1751480452776,1,-0.08340284666844094,-0.04863904430916614,1.073813542398173,null,null,null,8676,-86.2697,-128.1125,-982.9734,-402.5,-41405.0,-1120.0
1751480452776,REL,null,null,null,-0.0012154206109716431,0.09221802348904422,-0.000686495523724906,8676,-86.2697,-128.1125,-982.9734,-402.5,-41405.0,-1120.0
1751480452875,0,-0.08471242708001639,0.043623890212617866,1.0742749920997754,null,null,null,8676,-86.2697,-128.1125,-982.9734,-402.5,-41405.0,-1120.0
1751480452875,1,-0.08353269828674546,-0.048671539509721355,1.0755758182780555,null,null,null,8676,-86.2697,-128.1125,-982.9734,-402.5,-41405.0,-1120.0
1751480452875,REL,null,null,null,-0.001179728793270926,0.09229542972233923,-0.00130082617828009,8676,-86.2697,-128.1125,-982.9734,-402.5,-41405.0,-1120.0
1751480452972,0,-0.0848611089706135,0.043684234082439,1.0761124050126338,null,null,null,8676,-86.2697,-128.1125,-982.9734,-402.5,-41405.0,-1120.0
1751480452972,1,-0.08353775957705782,-0.04868329476281768,1.0753442469646302,null,null,null,8676,-86.2697,-128.1125,-982.9734,-402.5,-41405.0,-1120.0
1751480452972,REL,null,null,null,-0.0013233493935556756,0.09236752884525667,0.0007681580480036754,8676,-86.2697,-128.1125,-982.9734,-402.5,-41405.0,-1120.0
1751480453086,0,-0.08476215479035024,0.04360550117510212,1.0746707107242925,null,null,null,8676,-86.2697,-128.1125,-982.9734,-402.5,-41405.0,-1120.0
1751480453086,1,-0.08349442635614558,-0.048687343221135056,1.0751638293975643,null,null,null,8676,-86.2697,-128.1125,-982.9734,-402.5,-41405.0,-1120.0
1751480453086,REL,null,null,null,-0.001267728434204654,0.09229284439623717,-0.0004931186732717308,8676,-86.2697,-128.1125,-982.9734,-402.5,-41405.0,-1120.0
1751480453189,0,-0.08485273832818789,0.04364663826899931,1.0757407040711464,null,null,null,8676,-86.2697,-128.1125,-982.9734,-402.5,-41405.0,-1120.0
1751480453189,1,-0.08352242117599686,-0.04870076765718489,1.075185103170661,null,null,null,8676,-86.2697,-128.1125,-982.9734,-402.5,-41405.0,-1120.0
1751480453189,REL,null,null,null,-0.001330317152191035,0.0923474059261842,0.0005556009004854534,8676,-86.2697,-128.1125,-982.9734,-402.5,-41405.0,-1120.0
1751480453302,0,-0.08477392361308142,0.043621383918962975,1.0748132548322993,null,null,null,8676,-86.2697,-128.1125,-982.9734,-402.5,-41405.0,-1120.0
1751480453302,1,-0.08349506326117372,-0.04865671840462428,1.0745650004121017,null,null,null,8676,-86.2697,-128.1125,-982.9734,-402.5,-41405.0,-1120.0
1751480453302,REL,null,null,null,-0.001278860351907704,0.09227810232358725,0.00024825442019760224,8676,-86.2697,-128.1125,-982.9734,-402.5,-41405.0,-1120.0
1751480453398,0,-0.0845694472830611,0.04355691126225223,1.0723469695481989,null,null,null,8676,-86.2697,-128.1125,-982.9734,-402.5,-41405.0,-1120.0
1751480453398,1,-0.08344734651827579,-0.04866293995372648,1.07433690455176,null,null,null,8676,-86.2697,-128.1125,-982.9734,-402.5,-41405.0,-1120.0
1751480453398,REL,null,null,null,-0.0011221007647853054,0.09221985121597871,-0.0019899350035610386,8676,-86.2697,-128.1125,-982.9734,-402.5,-41405.0,-1120.0
1751480453514,0,-0.08492926286154542,0.04365317386899037,1.0765962650792122,null,null,null,8676,-86.2697,-128.1125,-982.9734,-402.5,-41405.0,-1120.0
1751480453514,1,-0.08354858350520082,-0.048697535162240645,1.0751500689914661,null,null,null,8676,-86.2697,-128.1125,-982.9734,-402.5,-41405.0,-1120.0
1751480453514,REL,null,null,null,-0.0013806793563446024,0.09235070903123102,0.0014461960877460989,8676,-86.2697,-128.1125,-982.9734,-402.5,-41405.0,-1120.0
1751480453624,0,-0.08491387138899906,0.0436494595162791,1.0766688251790182,null,null,null,8676,-86.2697,-128.1125,-982.9734,-402.5,-41405.0,-1120.0
1751480453624,1,-0.08355228423802719,-0.04870158990341044,1.0754244350923958,null,null,null,8676,-86.2697,-128.1125,-982.9734,-402.5,-41405.0,-1120.0
1751480453624,REL,null,null,null,-0.0013615871509718713,0.09235104941968954,0.00124439008662236,8676,-86.2697,-128.1125,-982.9734,-402.5,-41405.0,-1120.0
1751480453721,0,-0.08489947953536985,0.04367253954284576,1.0764430563775353,null,null,null,289750,-134.6886,-128.8248,-980.1135,-3167.5,11270.0,-1925.0
1751480453721,1,-0.08358587931009948,-0.048717150785689466,1.0762838200912084,null,null,null,289750,-134.6886,-128.8248,-980.1135,-3167.5,11270.0,-1925.0
1751480453721,REL,null,null,null,-0.00131360022527037,0.09238969032853522,0.00015923628632696918,289750,-134.6886,-128.8248,-980.1135,-3167.5,11270.0,-1925.0
1751480453816,0,-0.0848918511491133,0.04364357190685532,1.0761239689978719,null,null,null,289750,-134.6886,-128.8248,-980.1135,-3167.5,11270.0,-1925.0
1751480453816,1,-0.08354417925908966,-0.04868532123494825,1.0750787123036099,null,null,null,289750,-134.6886,-128.8248,-980.1135,-3167.5,11270.0,-1925.0
1751480453816,REL,null,null,null,-0.0013476718900236329,0.09232889314180356,0.0010452566942620312,289750,-134.6886,-128.8248,-980.1135,-3167.5,11270.0,-1925.0
1751480453933,0,-0.0849092260596271,0.04366637425623197,1.0762732509630524,null,null,null,289750,-134.6886,-128.8248,-980.1135,-3167.5,11270.0,-1925.0
1751480453933,1,-0.08361462801349137,-0.0487234828843681,1.0761302432867799,null,null,null,289750,-134.6886,-128.8248,-980.1135,-3167.5,11270.0,-1925.0
1751480453933,REL,null,null,null,-0.0012945980461357282,0.09238985714060007,0.00014300767627251076,289750,-134.6886,-128.8248,-980.1135,-3167.5,11270.0,-1925.0
1751480454052,0,-0.08487061403959577,0.043655557719292956,1.076074197691804,null,null,null,6,-146.931,-128.0895,-977.0493,-5775.0,20492.5,-1102.5
1751480454052,1,-0.08353663023579395,-0.048642924498420136,1.0752827908415201,null,null,null,6,-146.931,-128.0895,-977.0493,-5775.0,20492.5,-1102.5
1751480454052,REL,null,null,null,-0.0013339838038018137,0.09229848221771308,0.0007914068502838933,6,-146.931,-128.0895,-977.0493,-5775.0,20492.5,-1102.5
1751480454170,0,-0.08493592629399999,0.043689362088697815,1.0771496757818544,null,null,null,6,-146.931,-128.0895,-977.0493,-5775.0,20492.5,-1102.5
1751480454170,1,-0.08356371980985638,-0.048700646068976776,1.0754495052703084,null,null,null,6,-146.931,-128.0895,-977.0493,-5775.0,20492.5,-1102.5
1751480454170,REL,null,null,null,-0.001372206484143601,0.09239000815767459,0.0017001705115460286,6,-146.931,-128.0895,-977.0493,-5775.0,20492.5,-1102.5
1751480454266,0,-0.0849312968958094,0.04368382642499343,1.0765163332454823,null,null,null,5,-88.2339,-128.1524,-980.4083,-735.0,-27842.5,-402.5
1751480454266,1,-0.08355351482311964,-0.048683135520336276,1.074901500890047,null,null,null,5,-88.2339,-128.1524,-980.4083,-735.0,-27842.5,-402.5
1751480454266,REL,null,null,null,-0.001377782072689765,0.0923669619453297,0.0016148323554352473,5,-88.2339,-128.1524,-980.4083,-735.0,-27842.5,-402.5
1751480454377,0,-0.08484313991230522,0.04366310650833128,1.0757100431762232,null,null,null,5,-88.2339,-128.1524,-980.4083,-735.0,-27842.5,-402.5
1751480454377,1,-0.0834801678037139,-0.04866438119284775,1.0746263935836202,null,null,null,5,-88.2339,-128.1524,-980.4083,-735.0,-27842.5,-402.5
1751480454377,REL,null,null,null,-0.0013629721085913205,0.09232748770117903,0.0010836495926029865,5,-88.2339,-128.1524,-980.4083,-735.0,-27842.5,-402.5
1751480454485,0,-0.08481236175671508,0.043637861078903356,1.0754200334775998,null,null,null,5,-88.2339,-128.1524,-980.4083,-735.0,-27842.5,-402.5
1751480454485,1,-0.08339111677891073,-0.04861519150999297,1.0734189275583101,null,null,null,5,-88.2339,-128.1524,-980.4083,-735.0,-27842.5,-402.5
1751480454486,REL,null,null,null,-0.0014212449778043534,0.09225305258889632,0.002001105919289703,5,-88.2339,-128.1524,-980.4083,-735.0,-27842.5,-402.5
1751480454583,0,-0.08485817034433478,0.043639490006082034,1.0762023527482578,null,null,null,5,-88.2339,-128.1524,-980.4083,-735.0,-27842.5,-402.5
1751480454583,1,-0.0834810275709656,-0.048672488385470454,1.074484818416216,null,null,null,5,-88.2339,-128.1524,-980.4083,-735.0,-27842.5,-402.5
1751480454583,REL,null,null,null,-0.001377142773369186,0.09231197839155249,0.0017175343320419145,5,-88.2339,-128.1524,-980.4083,-735.0,-27842.5,-402.5
1751480454682,0,-0.08482058691343343,0.043647852988094316,1.0754889640466125,null,null,null,5,-88.2339,-128.1524,-980.4083,-735.0,-27842.5,-402.5
1751480454682,1,-0.08357807542703727,-0.04870459232381856,1.07604785432858,null,null,null,5,-88.2339,-128.1524,-980.4083,-735.0,-27842.5,-402.5
1751480454682,REL,null,null,null,-0.0012425114863961612,0.09235244531191288,-0.000558890281967539,5,-88.2339,-128.1524,-980.4083,-735.0,-27842.5,-402.5
1751480454782,0,-0.0847965008243801,0.04360333215218072,1.075133868673678,null,null,null,5,-88.2339,-128.1524,-980.4083,-735.0,-27842.5,-402.5
1751480454782,1,-0.08354728814072508,-0.04869512597668317,1.0757884226605843,null,null,null,5,-88.2339,-128.1524,-980.4083,-735.0,-27842.5,-402.5
1751480454783,REL,null,null,null,-0.001249212683655021,0.09229845812886389,-0.0006545539869062811,5,-88.2339,-128.1524,-980.4083,-735.0,-27842.5,-402.5
1751480454883,0,-0.08470821314946979,0.04357646001863815,1.0740002823272639,null,null,null,5,-88.2339,-128.1524,-980.4083,-735.0,-27842.5,-402.5
1751480454883,1,-0.08352182288094896,-0.048702601015773256,1.0753787884901362,null,null,null,5,-88.2339,-128.1524,-980.4083,-735.0,-27842.5,-402.5
1751480454883,REL,null,null,null,-0.001186390268520826,0.09227906103441141,-0.0013785061628723838,5,-88.2339,-128.1524,-980.4083,-735.0,-27842.5,-402.5
1751480454983,0,-0.08481860638388798,0.043646434642919577,1.0753745006424222,null,null,null,5,-88.2339,-128.1524,-980.4083,-735.0,-27842.5,-402.5
1751480454983,1,-0.08340666078199319,-0.048615616619155005,1.073501892900198,null,null,null,5,-88.2339,-128.1524,-980.4083,-735.0,-27842.5,-402.5
1751480454983,REL,null,null,null,-0.0014119456018947957,0.09226205126207458,0.0018726077422241971,5,-88.2339,-128.1524,-980.4083,-735.0,-27842.5,-402.5
1751480455090,0,-0.08463453449821023,0.04359740801413705,1.0734664996765255,null,null,null,5,-88.2339,-128.1524,-980.4083,-735.0,-27842.5,-402.5
1751480455090,1,-0.0836010704860922,-0.048775091614759666,1.0767751552403129,null,null,null,5,-88.2339,-128.1524,-980.4083,-735.0,-27842.5,-402.5
1751480455090,REL,null,null,null,-0.0010334640121180405,0.09237249962889671,-0.003308655563787344,5,-88.2339,-128.1524,-980.4083,-735.0,-27842.5,-402.5
1751480455184,0,-0.08481177605210213,0.043618861717901754,1.0755341713813074,null,null,null,5,-88.2339,-128.1524,-980.4083,-735.0,-27842.5,-402.5
1751480455184,1,-0.08360958692657548,-0.048767146157415266,1.0765901302519671,null,null,null,5,-88.2339,-128.1524,-980.4083,-735.0,-27842.5,-402.5
1751480455184,REL,null,null,null,-0.001202189125526651,0.09238600787531702,-0.00105595887065979,5,-88.2339,-128.1524,-980.4083,-735.0,-27842.5,-402.5
1751480455281,0,-0.08465926890263402,0.043615937854628375,1.073810060058271,null,null,null,5,-88.2339,-128.1524,-980.4083,-735.0,-27842.5,-402.5
1751480455282,1,-0.08348132452299031,-0.048673982601250255,1.0745066963502803,null,null,null,5,-88.2339,-128.1524,-980.4083,-735.0,-27842.5,-402.5
1751480455282,REL,null,null,null,-0.0011779443796437056,0.09228992045587864,-0.0006966362920093339,5,-88.2339,-128.1524,-980.4083,-735.0,-27842.5,-402.5
1751480455376,0,-0.08474175261992536,0.04359547363926054,1.0745558297703854,null,null,null,291429,-155.1748,-130.5693,-990.9529,-1662.5,40110.0,-2905.0
1751480455376,1,-0.08365214627527916,-0.04877308917297816,1.0772964425319604,null,null,null,291429,-155.1748,-130.5693,-990.9529,-1662.5,40110.0,-2905.0
1751480455376,REL,null,null,null,-0.0010896063446462073,0.09236856281223871,-0.002740612761575001,291429,-155.1748,-130.5693,-990.9529,-1662.5,40110.0,-2905.0
1751480455474,0,-0.08490482891583748,0.043670977577624184,1.0770218371432028,null,null,null,74,-139.2469,-130.7434,-992.5568,-157.5,48615.0,-1050.0
1751480455474,1,-0.08352573145922387,-0.04872969563195447,1.0754936052936475,null,null,null,74,-139.2469,-130.7434,-992.5568,-157.5,48615.0,-1050.0
1751480455474,REL,null,null,null,-0.0013790974566136038,0.09240067320957865,0.001528231849555306,74,-139.2469,-130.7434,-992.5568,-157.5,48615.0,-1050.0
1751480455572,0,-0.08488399598944145,0.04365312496239814,1.076416076018718,null,null,null,74,-139.2469,-130.7434,-992.5568,-157.5,48615.0,-1050.0
1751480455572,1,-0.08344808096307454,-0.04864687138478824,1.0742352197046003,null,null,null,74,-139.2469,-130.7434,-992.5568,-157.5,48615.0,-1050.0
1751480455572,REL,null,null,null,-0.0014359150263669046,0.09229999634718639,0.002180856314117685,74,-139.2469,-130.7434,-992.5568,-157.5,48615.0,-1050.0
1751480455666,0,-0.08486116802979156,0.04361627924557428,1.0753720928344297,null,null,null,74,-139.2469,-130.7434,-992.5568,-157.5,48615.0,-1050.0
1751480455666,1,-0.08355947600530789,-0.04869955820955691,1.0750634823100471,null,null,null,74,-139.2469,-130.7434,-992.5568,-157.5,48615.0,-1050.0
1751480455666,REL,null,null,null,-0.0013016920244836722,0.0923158374551312,0.00030861052438257985,74,-139.2469,-130.7434,-992.5568,-157.5,48615.0,-1050.0
1751480455759,0,-0.0848995969719247,0.043636168423069464,1.0764738805854595,null,null,null,4,-148.0681,-130.9155,-996.941,1977.5,72012.5,-2537.5
1751480455759,1,-0.08350464155033673,-0.048712099624498836,1.0749183976793089,null,null,null,4,-148.0681,-130.9155,-996.941,1977.5,72012.5,-2537.5
1751480455759,REL,null,null,null,-0.0013949554215879761,0.0923482680475683,0.001555482906150596,4,-148.0681,-130.9155,-996.941,1977.5,72012.5,-2537.5
1751480455853,0,-0.08485524179423815,0.043626622938102044,1.076064544157994,null,null,null,4,-148.0681,-130.9155,-996.941,1977.5,72012.5,-2537.5
1751480455853,1,-0.08345201085684312,-0.04866970126830501,1.0741987082348827,null,null,null,4,-148.0681,-130.9155,-996.941,1977.5,72012.5,-2537.5
1751480455853,REL,null,null,null,-0.001403230937395028,0.09229632420640706,0.001865835923111181,4,-148.0681,-130.9155,-996.941,1977.5,72012.5,-2537.5
1751480455947,0,-0.08477082907884327,0.04359099805539667,1.0748506165012734,null,null,null,4,-148.0681,-130.9155,-996.941,1977.5,72012.5,-2537.5
1751480455947,1,-0.08350963582056485,-0.04872083074229006,1.0752539037553632,null,null,null,4,-148.0681,-130.9155,-996.941,1977.5,72012.5,-2537.5
1751480455947,REL,null,null,null,-0.0012611932582784202,0.09231182879768673,-0.00040328725408977917,4,-148.0681,-130.9155,-996.941,1977.5,72012.5,-2537.5
1751480456041,0,-0.08480515274564104,0.04360666653389221,1.0753856289808517,null,null,null,2072,-154.3158,-130.6732,-994.0052,1382.5,63997.5,-4095.0
1751480456041,1,-0.08343671319517984,-0.04868052145207446,1.0744184981971945,null,null,null,2072,-154.3158,-130.6732,-994.0052,1382.5,63997.5,-4095.0
1751480456041,REL,null,null,null,-0.0013684395504612035,0.09228718798596666,0.0009671307836571774,2072,-154.3158,-130.6732,-994.0052,1382.5,63997.5,-4095.0
1751480456136,0,-0.0846380141895826,0.043545889107453925,1.0734290210195603,null,null,null,16,-128.2178,-124.6547,-995.2567,22960.0,52937.5,-6125.0
1751480456136,1,-0.08347742534258597,-0.04870167418638521,1.0749506913681193,null,null,null,16,-128.2178,-124.6547,-995.2567,22960.0,52937.5,-6125.0
1751480456136,REL,null,null,null,-0.0011605888469966297,0.09224756329383914,-0.00152167034855899,16,-128.2178,-124.6547,-995.2567,22960.0,52937.5,-6125.0
1751480456232,0,-0.08480319473371742,0.04363538317747806,1.075345364813475,null,null,null,16,-128.2178,-124.6547,-995.2567,22960.0,52937.5,-6125.0
1751480456232,1,-0.083464348371457,-0.04867782157224958,1.074519362246365,null,null,null,16,-128.2178,-124.6547,-995.2567,22960.0,52937.5,-6125.0
1751480456232,REL,null,null,null,-0.0013388463622604208,0.09231320474972764,0.0008260025671100735,16,-128.2178,-124.6547,-995.2567,22960.0,52937.5,-6125.0
1751480456328,0,-0.08454484898364618,0.04351469474291787,1.0722743140217612,null,null,null,16,-128.2178,-124.6547,-995.2567,22960.0,52937.5,-6125.0
1751480456328,1,-0.083573164708345,-0.04875215521162585,1.076536000242135,null,null,null,16,-128.2178,-124.6547,-995.2567,22960.0,52937.5,-6125.0
1751480456328,REL,null,null,null,-0.0009716842753011851,0.09226684995454372,-0.004261686220373706,16,-128.2178,-124.6547,-995.2567,22960.0,52937.5,-6125.0
1751480456423,0,-0.08475704062653029,0.043584944214890925,1.0747406999349933,null,null,null,16,-128.2178,-124.6547,-995.2567,22960.0,52937.5,-6125.0
1751480456423,1,-0.08342864147923923,-0.04866336465815748,1.0740081909840318,null,null,null,16,-128.2178,-124.6547,-995.2567,22960.0,52937.5,-6125.0
1751480456423,REL,null,null,null,-0.0013283991472910622,0.09224830887304841,0.0007325089509615523,16,-128.2178,-124.6547,-995.2567,22960.0,52937.5,-6125.0
1751480456543,0,-0.08477586155616472,0.04360057666918812,1.074935015088887,null,null,null,16,-128.2178,-124.6547,-995.2567,22960.0,52937.5,-6125.0
1751480456543,1,-0.08354103442307384,-0.04872268522948926,1.0755465060804663,null,null,null,16,-128.2178,-124.6547,-995.2567,22960.0,52937.5,-6125.0
1751480456543,REL,null,null,null,-0.0012348271330908794,0.09232326189867737,-0.000611490991579311,16,-128.2178,-124.6547,-995.2567,22960.0,52937.5,-6125.0
1751480456640,0,-0.08474303595767242,0.04358494996405585,1.0746256202665574,null,null,null,16,-128.2178,-124.6547,-995.2567,22960.0,52937.5,-6125.0
1751480456640,1,-0.08357095676512669,-0.04875372442507708,1.0758923590670026,null,null,null,16,-128.2178,-124.6547,-995.2567,22960.0,52937.5,-6125.0
1751480456640,REL,null,null,null,-0.0011720791925457358,0.09233867438913293,-0.0012667388004452551,16,-128.2178,-124.6547,-995.2567,22960.0,52937.5,-6125.0
1751480456746,0,-0.08491654450803779,0.043627490270362904,1.0765720618547416,null,null,null,16,-128.2178,-124.6547,-995.2567,22960.0,52937.5,-6125.0
1751480456746,1,-0.08346846842143602,-0.04867122315366474,1.0743045701190779,null,null,null,16,-128.2178,-124.6547,-995.2567,22960.0,52937.5,-6125.0
1751480456746,REL,null,null,null,-0.001448076086601774,0.09229871342402765,0.0022674917356637625,16,-128.2178,-124.6547,-995.2567,22960.0,52937.5,-6125.0
1751480456847,0,-0.08466267551469156,0.04356363612130819,1.0735450182435406,null,null,null,16,-128.2178,-124.6547,-995.2567,22960.0,52937.5,-6125.0
1751480456847,1,-0.08352850986904621,-0.04870918979793396,1.0753253814006278,null,null,null,16,-128.2178,-124.6547,-995.2567,22960.0,52937.5,-6125.0
1751480456847,REL,null,null,null,-0.0011341656456453492,0.09227282591924216,-0.0017803631570871836,16,-128.2178,-124.6547,-995.2567,22960.0,52937.5,-6125.0
1751480456967,0,-0.08473789992407799,0.04358272315641007,1.0745162912081692,null,null,null,16,-128.2178,-124.6547,-995.2567,22960.0,52937.5,-6125.0
1751480456967,1,-0.0834847986849671,-0.04869374074108823,1.074896943927143,null,null,null,16,-128.2178,-124.6547,-995.2567,22960.0,52937.5,-6125.0
1751480456967,REL,null,null,null,-0.0012531012391108903,0.0922764638974983,-0.00038065271897380626,16,-128.2178,-124.6547,-995.2567,22960.0,52937.5,-6125.0
1751480457065,0,-0.08473216293477695,0.04353989375906028,1.0737425338872824,null,null,null,16,-128.2178,-124.6547,-995.2567,22960.0,52937.5,-6125.0
1751480457065,1,-0.08357224764545881,-0.04870916674157436,1.0754422089311415,null,null,null,16,-128.2178,-124.6547,-995.2567,22960.0,52937.5,-6125.0
1751480457065,REL,null,null,null,-0.0011599152893181364,0.09224906050063464,-0.0016996750438591501,16,-128.2178,-124.6547,-995.2567,22960.0,52937.5,-6125.0
1751480457166,0,-0.08473324817572107,0.04356219298193854,1.0741407060395063,null,null,null,16,-128.2178,-124.6547,-995.2567,22960.0,52937.5,-6125.0
1751480457166,1,-0.08346330487823024,-0.04866635792027501,1.0738346721103347,null,null,null,16,-128.2178,-124.6547,-995.2567,22960.0,52937.5,-6125.0
1751480457166,REL,null,null,null,-0.0012699432974908331,0.09222855090221355,0.0003060339291716119,16,-128.2178,-124.6547,-995.2567,22960.0,52937.5,-6125.0
1751480457264,0,-0.08459503265842865,0.04354166842908587,1.0728254928761427,null,null,null,293248,-71.4606,-128.679,-977.0089,-420.0,-3587.5,-122.5
1751480457264,1,-0.08344807235823695,-0.04866311203060977,1.0741380189049443,null,null,null,293248,-71.4606,-128.679,-977.0089,-420.0,-3587.5,-122.5
1751480457264,REL,null,null,null,-0.0011469603001916934,0.09220478045969564,-0.0013125260288016083,293248,-71.4606,-128.679,-977.0089,-420.0,-3587.5,-122.5
1751480457360,0,-0.08477956157642426,0.04360146020378468,1.0749738312920007,null,null,null,401,-76.5507,-127.5424,-1008.1268,7087.5,-50487.5,-3745.0
1751480457360,1,-0.08356792247024948,-0.04873235428439477,1.0757824095376562,null,null,null,401,-76.5507,-127.5424,-1008.1268,7087.5,-50487.5,-3745.0
1751480457360,REL,null,null,null,-0.0012116391061747778,0.09233381448817946,-0.0008085782456555002,401,-76.5507,-127.5424,-1008.1268,7087.5,-50487.5,-3745.0
1751480457467,0,-0.08475106156529255,0.04359814367323362,1.0746315045685286,null,null,null,3445,-127.2726,-131.8573,-981.3406,-1225.0,9467.5,-2275.0
1751480457467,1,-0.08354382320692091,-0.048701824940105234,1.0752085835987364,null,null,null,3445,-127.2726,-131.8573,-981.3406,-1225.0,9467.5,-2275.0
1751480457467,REL,null,null,null,-0.0012072383583716373,0.09229996861333886,-0.0005770790302077611,3445,-127.2726,-131.8573,-981.3406,-1225.0,9467.5,-2275.0
1751480457564,0,-0.0848506568611445,0.04362073435874895,1.0755187624336662,null,null,null,3445,-127.2726,-131.8573,-981.3406,-1225.0,9467.5,-2275.0
1751480457564,1,-0.08352489147317611,-0.048697150404113786,1.07472345148883,null,null,null,3445,-127.2726,-131.8573,-981.3406,-1225.0,9467.5,-2275.0
1751480457566,REL,null,null,null,-0.0013257653879683862,0.09231788476286273,0.0007953109448362028,3445,-127.2726,-131.8573,-981.3406,-1225.0,9467.5,-2275.0
1751480457666,0,-0.08474967597203288,0.04356524144403063,1.0743534849810783,null,null,null,3445,-127.2726,-131.8573,-981.3406,-1225.0,9467.5,-2275.0
1751480457666,1,-0.08344380851294869,-0.048640381313626406,1.073734771558871,null,null,null,3445,-127.2726,-131.8573,-981.3406,-1225.0,9467.5,-2275.0
1751480457666,REL,null,null,null,-0.0013058674590841896,0.09220562275765704,0.0006187134222073176,3445,-127.2726,-131.8573,-981.3406,-1225.0,9467.5,-2275.0
1751480457765,0,-0.08489263028406721,0.04366081123730995,1.0762949840058913,null,null,null,809,-150.3276,-132.3162,-972.8939,-8645.0,28175.0,-1977.5
1751480457765,1,-0.08355940521885621,-0.04868120248581636,1.0752883350221947,null,null,null,809,-150.3276,-132.3162,-972.8939,-8645.0,28175.0,-1977.5
1751480457766,REL,null,null,null,-0.0013332250652109967,0.09234201372312631,0.001006648983696623,809,-150.3276,-132.3162,-972.8939,-8645.0,28175.0,-1977.5
1751480457863,0,-0.08459301388635575,0.04354121161604463,1.0726733356917793,null,null,null,809,-150.3276,-132.3162,-972.8939,-8645.0,28175.0,-1977.5
1751480457863,1,-0.08347956097555642,-0.048679611052119855,1.0745158498684475,null,null,null,809,-150.3276,-132.3162,-972.8939,-8645.0,28175.0,-1977.5
1751480457863,REL,null,null,null,-0.0011134529107993257,0.09222082266816448,-0.001842514176668253,809,-150.3276,-132.3162,-972.8939,-8645.0,28175.0,-1977.5
1751480457965,0,-0.08469309343465857,0.0435616978344733,1.0738530666207518,null,null,null,809,-150.3276,-132.3162,-972.8939,-8645.0,28175.0,-1977.5
1751480457965,1,-0.08356705165227245,-0.048735860922285816,1.075891110086196,null,null,null,809,-150.3276,-132.3162,-972.8939,-8645.0,28175.0,-1977.5
1751480457965,REL,null,null,null,-0.0011260417823861224,0.09229755875675912,-0.002038043465444339,809,-150.3276,-132.3162,-972.8939,-8645.0,28175.0,-1977.5
1751480458063,0,-0.08479992003667404,0.043600898743462395,1.0751551428391537,null,null,null,4071,-47.3719,-131.1394,-974.959,-6930.0,-56245.0,1207.5
1751480458063,1,-0.0834826212550012,-0.04868221119271633,1.0744700974412384,null,null,null,4071,-47.3719,-131.1394,-974.959,-6930.0,-56245.0,1207.5
1751480458063,REL,null,null,null,-0.001317298781672846,0.09228310993617872,0.0006850453979152515,4071,-47.3719,-131.1394,-974.959,-6930.0,-56245.0,1207.5
1751480458169,0,-0.08473836273727318,0.04361642842866424,1.0745796061854316,null,null,null,0,-169.6686,-131.8376,-982.2711,-5652.5,48405.0,1347.5
1751480458169,1,-0.08351331714890158,-0.048718797599455285,1.0750959715598187,null,null,null,0,-169.6686,-131.8376,-982.2711,-5652.5,48405.0,1347.5
1751480458169,REL,null,null,null,-0.0012250455883716094,0.09233522602811953,-0.000516365374387151,0,-169.6686,-131.8376,-982.2711,-5652.5,48405.0,1347.5
1751480458290,0,-0.0847870748982152,0.04360173553283583,1.075199856272985,null,null,null,0,-169.6686,-131.8376,-982.2711,-5652.5,48405.0,1347.5
1751480458290,1,-0.08345981089921788,-0.04867921232136404,1.0743291930556593,null,null,null,0,-169.6686,-131.8376,-982.2711,-5652.5,48405.0,1347.5
1751480458290,REL,null,null,null,-0.0013272639989973245,0.09228094785419987,0.0008706632173256512,0,-169.6686,-131.8376,-982.2711,-5652.5,48405.0,1347.5
1751480458390,0,-0.08483467676067057,0.04361107932797716,1.075437173286987,null,null,null,0,-169.6686,-131.8376,-982.2711,-5652.5,48405.0,1347.5
1751480458390,1,-0.08351807716622318,-0.04870185006645527,1.0748131587544387,null,null,null,0,-169.6686,-131.8376,-982.2711,-5652.5,48405.0,1347.5
1751480458390,REL,null,null,null,-0.0013165995944473818,0.09231292939443243,0.0006240145325482338,0,-169.6686,-131.8376,-982.2711,-5652.5,48405.0,1347.5
1751480458490,0,-0.08468073670737898,0.04361317622714018,1.0740794283481165,null,null,null,0,-169.6686,-131.8376,-982.2711,-5652.5,48405.0,1347.5
1751480458490,1,-0.08349458851667856,-0.04868091200952094,1.0750466869080861,null,null,null,0,-169.6686,-131.8376,-982.2711,-5652.5,48405.0,1347.5
1751480458490,REL,null,null,null,-0.0011861481907004257,0.09229408823666112,-0.0009672585599695971,0,-169.6686,-131.8376,-982.2711,-5652.5,48405.0,1347.5
1751480458606,0,-0.0845765298545379,0.04357016528365228,1.0730126790962518,null,null,null,0,-169.6686,-131.8376,-982.2711,-5652.5,48405.0,1347.5
1751480458606,1,-0.08360806881941672,-0.04875521627056766,1.0773745607346012,null,null,null,0,-169.6686,-131.8376,-982.2711,-5652.5,48405.0,1347.5
1751480458606,REL,null,null,null,-0.0009684610351211737,0.09232538155421995,-0.004361881638349496,0,-169.6686,-131.8376,-982.2711,-5652.5,48405.0,1347.5
1751480458715,0,-0.08476502639476599,0.043642208859293215,1.0759868079852837,null,null,null,0,-169.6686,-131.8376,-982.2711,-5652.5,48405.0,1347.5
1751480458715,1,-0.08352526848423146,-0.048705716788143484,1.0759491615304937,null,null,null,0,-169.6686,-131.8376,-982.2711,-5652.5,48405.0,1347.5
1751480458715,REL,null,null,null,-0.0012397579105345308,0.0923479256474367,3.764645478998574e-05,0,-169.6686,-131.8376,-982.2711,-5652.5,48405.0,1347.5
1751480458817,0,-0.08457931023296693,0.04353488473974973,1.0724847394630295,null,null,null,0,-169.6686,-131.8376,-982.2711,-5652.5,48405.0,1347.5
1751480458817,1,-0.08348495984627095,-0.048643901049597746,1.0750900757001396,null,null,null,0,-169.6686,-131.8376,-982.2711,-5652.5,48405.0,1347.5
1751480458817,REL,null,null,null,-0.0010943503866959747,0.09217878578934748,-0.002605336237110123,0,-169.6686,-131.8376,-982.2711,-5652.5,48405.0,1347.5
1751480458913,0,-0.08455643472617042,0.04354129714735255,1.072524028667248,null,null,null,0,-169.6686,-131.8376,-982.2711,-5652.5,48405.0,1347.5
1751480458913,1,-0.0835005814882107,-0.04871481203593845,1.0757261961043445,null,null,null,0,-169.6686,-131.8376,-982.2711,-5652.5,48405.0,1347.5
1751480458913,REL,null,null,null,-0.0010558532379597169,0.092256109183291,-0.003202167437096559,0,-169.6686,-131.8376,-982.2711,-5652.5,48405.0,1347.5
1751480459035,0,-0.08452459052769397,0.04351972842755313,1.0721644037313551,null,null,null,0,-169.6686,-131.8376,-982.2711,-5652.5,48405.0,1347.5
1751480459035,1,-0.08353634607357825,-0.04874648776468037,1.0761875159542156,null,null,null,0,-169.6686,-131.8376,-982.2711,-5652.5,48405.0,1347.5
1751480459035,REL,null,null,null,-0.0009882444541157165,0.0922662161922335,-0.004023112222860448,0,-169.6686,-131.8376,-982.2711,-5652.5,48405.0,1347.5
1751480459133,0,-0.08461289794962429,0.04356797764048892,1.0732549838274967,null,null,null,0,-169.6686,-131.8376,-982.2711,-5652.5,48405.0,1347.5
1751480459133,1,-0.08352884829111171,-0.0487083439506676,1.075760659048237,null,null,null,0,-169.6686,-131.8376,-982.2711,-5652.5,48405.0,1347.5
1751480459133,REL,null,null,null,-0.0010840496585125814,0.09227632159115652,-0.002505675220740189,0,-169.6686,-131.8376,-982.2711,-5652.5,48405.0,1347.5
1751480459233,0,-0.08457659025633345,0.043538454808052775,1.0727228941387126,null,null,null,0,-169.6686,-131.8376,-982.2711,-5652.5,48405.0,1347.5
1751480459233,1,-0.08355246630790529,-0.04874433347001183,1.0762886202933883,null,null,null,0,-169.6686,-131.8376,-982.2711,-5652.5,48405.0,1347.5
1751480459233,REL,null,null,null,-0.0010241239484281572,0.0922827882780646,-0.0035657261546757635,0,-169.6686,-131.8376,-982.2711,-5652.5,48405.0,1347.5
